frame_index,confidence,accel_x,accel_y,accel_z,gyro_x,gyro_y,gyro_z,quat,trajectory
0,0.95,0.045,-0.113,0.989,0.12,-0.06,-0.18,null,null
1,0.95,0.039,-0.12,0.985,0.0,0.0,-0.24,null,null
2,0.95,0.04,-0.111,0.983,0.09,-0.37,-0.27,null,null
3,0.95,0.049,-0.111,0.99,0.21,0.31,-0.21,null,null
4,0.95,0.048,-0.104,0.996,-1.59,-3.39,-0.24,null,null
5,0.95,0.07,-0.142,0.991,-0.43,-0.09,-0.46,null,null
6,0.95,0.064,-0.136,0.988,-0.12,-0.58,-0.18,null,null
7,0.95,0.049,-0.111,1.007,-0.98,-0.37,-0.34,null,null
8,0.95,0.043,-0.106,0.988,0.0,-0.46,-0.18,null,null
9,0.95,0.03,-0.119,0.987,-0.7,-1.22,-0.09,null,null
10,0.95,0.039,-0.093,0.992,0.24,0.49,-0.46,null,null
11,0.95,0.049,-0.096,0.985,-0.4,-0.89,-0.24,null,null
12,0.95,0.042,-0.11,0.988,0.06,-0.27,-0.21,null,null
13,0.95,0.042,-0.118,0.988,0.06,-0.12,-0.24,null,null
14,0.95,0.033,-0.114,0.99,-0.09,-0.24,-0.27,null,null
15,0.95,0.039,-0.117,0.989,0.06,0.03,-0.18,null,null
16,0.95,0.642,0.026,0.831,3.48,-109.53,-69.83,null,null
17,0.95,0.268,0.573,0.645,296.03,-183.45,-222.75,null,null
18,0.95,-0.711,2.296,-0.803,197.76,-43.43,-45.05,null,null
19,0.95,-1.209,0.52,0.84,-60.88,317.12,486.65,null,null
0,0.95,-0.485,-2.674,1.562,-37.54,10.77,471.88,null,null
1,0.95,0.119,-2.444,0.281,-82.77,-58.08,-350.6,null,null
2,0.95,-1.045,1.328,1.057,-25.09,5.07,-517.87,null,null
3,0.95,-0.764,2.64,-0.457,233.56,-71.81,11.75,null,null
4,0.95,0.068,0.954,0.139,91.49,183.63,281.26,null,null
5,0.95,-0.696,-1.471,1.425,-51.61,125.31,588.89,null,null
6,0.95,0.442,-3.314,0.771,-59.69,-41.44,-72.94,null,null
7,0.95,-0.469,-0.722,0.937,-128.42,23.8,-496.63,null,null
8,0.95,-0.89,2.04,0.474,77.49,-98.33,-435.83,null,null
9,0.95,-0.144,2.035,-0.051,88.2,34.12,186.41,null,null
10,0.95,-0.184,0.427,0.288,149.54,155.46,418.84,null,null
11,0.95,-0.14,-2.069,1.245,2.11,86.21,386.91,null,null
12,0.95,0.225,-1.939,0.599,2.41,-23.01,-276.41,null,null
13,0.95,-0.36,0.128,0.836,-91.89,35.31,-490.92,null,null
14,0.95,-0.46,2.128,0.323,32.17,-141.97,-315.01,null,null
15,0.95,0.099,1.274,0.14,15.44,66.53,230.02,null,null
16,0.95,-0.729,-0.423,1.084,-7.72,197.09,558.49,null,null
17,0.95,1.018,-2.008,0.588,93.6,-74.01,-152.29,null,null
18,0.95,-1.329,2.515,-0.028,184.91,-132.21,-496.72,null,null
19,0.95,-0.212,-1.762,1.295,63.11,183.05,724.11,null,null
0,0.95,0.631,-0.938,0.343,18.92,21.03,-381.33,null,null
1,0.95,-0.07,3.447,-1.135,160.22,61.22,-152.53,null,null
2,0.95,0.909,-2.39,1.375,-51.88,172.19,495.86,null,null
3,0.95,0.348,-0.493,0.933,-146.89,1.25,-414.04,null,null
4,0.95,-1.047,2.934,-0.209,-2.38,70.28,226.36,null,null
5,0.95,0.109,-2.074,1.478,-53.16,41.14,618.61,null,null
6,0.95,0.504,-0.609,0.602,-160.19,-52.31,-356.0,null,null
7,0.95,-0.457,2.746,-0.159,44.89,65.16,-192.82,null,null
8,0.95,0.209,-0.902,0.889,72.97,181.43,575.18,null,null
9,0.95,0.664,-1.163,0.367,-13.37,42.73,-344.74,null,null
10,0.95,-0.544,2.198,0.213,-116.09,190.89,-375.41,null,null
11,0.95,-0.065,0.063,0.948,79.62,-5.77,439.8,null,null
12,0.95,1.736,-3.136,-0.33,50.84,-207.89,-86.64,null,null
13,0.95,0.266,0.659,0.583,-84.69,18.49,-446.88,null,null
14,0.95,-0.056,1.193,0.247,-25.18,59.54,251.96,null,null
15,0.95,0.542,-1.576,1.313,-41.72,45.17,329.66,null,null
16,0.95,-0.333,2.002,0.171,96.77,-25.42,-229.32,null,null
17,0.95,-0.627,1.333,0.256,58.87,128.27,329.66,null,null
18,0.95,-1.113,-0.621,1.057,-109.41,125.98,501.17,null,null
19,0.95,0.093,-2.814,0.58,-14.83,-153.63,253.15,null,null
0,0.95,0.361,-1.677,0.032,-32.84,19.38,-263.01,null,null
1,0.95,-0.195,-0.225,1.155,-62.75,46.08,-457.81,null,null
2,0.95,-0.723,1.879,0.114,79.29,-128.94,-376.35,null,null
3,0.95,-0.162,1.914,-0.366,76.82,-147.22,175.85,null,null
4,0.95,-0.044,0.683,0.154,48.49,165.23,304.09,null,null
5,0.95,-0.171,-0.676,0.854,80.97,118.81,398.14,null,null
6,0.95,0.581,-3.192,1.036,-18.89,-12.12,180.91,null,null
7,0.95,0.334,-1.456,0.518,-143.22,8.33,-224.71,null,null
8,0.95,-0.174,-0.223,1.006,-93.23,1.43,-413.34,null,null
9,0.95,-0.349,1.685,0.157,5.74,-107.61,-337.14,null,null
10,0.95,-0.172,2.14,-0.343,-18.37,55.42,128.73,null,null
11,0.95,0.039,0.825,0.459,39.67,122.84,317.0,null,null
12,0.95,-0.193,-0.433,0.809,60.09,125.52,397.75,null,null
13,0.95,0.39,-2.996,1.059,-23.65,26.03,232.22,null,null
14,0.95,0.02,-0.981,0.562,-36.01,0.52,-306.8,null,null
15,0.95,-0.334,0.194,0.66,-3.51,23.53,-353.53,null,null
16,0.95,-1.383,-0.959,1.424,-126.77,177.86,563.19,null,null
17,0.95,0.535,-3.221,0.918,-13.92,-91.43,186.19,null,null
18,0.95,0.021,-1.236,0.519,-53.93,0.89,-416.36,null,null
19,0.95,-1.284,0.946,1.111,93.23,-103.24,-500.08,null,null
0,0.95,-0.84,3.02,-0.914,60.09,44.53,95.52,null,null
1,0.95,-0.665,0.777,0.828,1.83,193.82,428.21,null,null
2,0.95,-0.455,-1.785,0.896,-21.36,18.16,502.43,null,null
3,0.95,0.638,-3.087,0.842,-37.57,-53.65,68.88,null,null
4,0.95,-0.187,-1.228,0.763,-63.33,86.52,-375.44,null,null
5,0.95,-0.39,0.725,0.817,-32.07,-43.21,-356.15,null,null
6,0.95,0.191,1.156,0.577,-32.59,-35.37,-126.13,null,null
7,0.95,0.569,0.914,0.48,-23.35,-14.68,-16.72,null,null
8,0.95,0.648,0.627,0.614,-8.97,29.3,22.86,null,null
9,0.95,0.577,0.428,0.666,0.67,15.2,27.74,null,null
10,0.95,0.64,0.371,0.708,-2.11,25.57,18.74,null,null
11,0.95,0.638,0.381,0.769,2.32,10.99,10.9,null,null
12,0.95,0.527,0.365,0.67,7.39,2.29,0.52,null,null
13,0.95,0.198,0.474,0.335,5.19,55.82,7.26,null,null
14,0.95,-0.045,0.501,0.528,15.11,227.18,40.28,null,null
15,0.95,-1.31,0.782,1.01,11.54,375.35,498.15,null,null
16,0.95,0.185,-4.0,1.26,-73.24,-185.43,386.7,null,null
17,0.95,-0.093,-1.469,0.507,-86.92,13.34,-405.84,null,null
18,0.95,-1.0,0.912,0.841,1.46,-163.82,-410.14,null,null
19,0.95,-1.596,2.563,-2.592,508.26,-242.96,-404.49,null,null
0,0.95,-0.825,1.39,-0.632,16.88,334.94,255.62,null,null
1,0.95,-1.592,-0.296,1.183,-268.47,316.51,580.83,null,null
2,0.95,-0.799,-2.928,1.03,-60.61,26.09,447.65,null,null
3,0.95,-0.223,-2.338,-0.358,23.9,-151.31,-187.81,null,null
4,0.95,-0.58,-1.475,0.649,-158.85,178.62,-378.77,null,null
5,0.95,-0.931,-0.099,0.867,-51.88,90.64,-416.58,null,null
6,0.95,-1.072,1.69,0.957,145.12,-31.07,-411.24,null,null
7,0.95,-0.944,3.117,-0.972,39.0,-128.82,74.04,null,null
8,0.95,-0.466,1.153,-0.042,86.79,10.99,337.35,null,null
9,0.95,-0.637,0.099,0.582,89.79,197.42,472.0,null,null
10,0.95,-0.893,-1.666,1.107,35.92,-5.07,418.01,null,null
11,0.95,-0.359,-2.844,0.121,150.73,-101.84,-204.69,null,null
12,0.95,-0.653,-1.83,0.901,-114.17,79.99,-383.16,null,null
13,0.95,-0.889,0.223,1.176,-33.39,-38.33,-516.59,null,null
14,0.95,-1.151,2.57,-0.549,120.64,-68.91,-324.38,null,null
15,0.95,-0.446,2.188,0.134,0.03,89.72,132.462,null,null
16,0.95,-1.855,-0.566,1.619,-112.03,281.32,626.33,null,null
17,0.95,-0.145,-3.235,0.995,-67.9,18.34,354.56,null,null
18,0.95,0.001,-1.901,0.214,-55.27,-31.01,-366.19,null,null
19,0.95,-0.825,0.482,1.326,-50.17,77.39,-481.67,null,null
0,0.95,-1.602,2.351,-0.233,226.2,-301.46,-378.52,null,null
1,0.95,-0.71,1.656,-0.616,28.23,210.82,278.02,null,null
2,0.95,-1.167,0.229,0.786,-55.57,257.36,521.1,null,null
3,0.95,-1.179,-3.049,1.207,-60.67,-10.47,507.64,null,null
4,0.95,-0.136,-2.439,-0.048,-65.4,-49.75,-315.01,null,null
5,0.95,-0.9,-0.254,0.927,-63.14,108.74,-513.14,null,null
6,0.95,-1.294,1.553,0.507,56.15,-200.42,-521.04,null,null
7,0.95,-0.858,2.386,-0.461,25.3,71.84,225.2,null,null
8,0.95,-0.712,0.337,0.629,35.83,260.38,533.13,null,null
9,0.95,0.945,-3.998,1.425,84.75,-80.05,36.38,null,null
10,0.95,-0.457,-0.768,0.739,-36.44,-47.12,-488.78,null,null
11,0.95,-2.165,2.614,0.435,97.26,-210.39,-534.96,null,null
12,0.95,-0.196,1.115,-0.108,173.77,112.0,363.44,null,null
13,0.95,-0.642,-1.764,1.083,-29.27,152.47,661.0,null,null
14,0.95,0.564,-2.493,0.905,-47.64,26.83,-130.99,null,null
15,0.95,-0.317,-0.083,0.658,-68.48,14.65,-393.84,null,null
16,0.95,-0.796,0.943,0.633,26.22,235.63,366.47,null,null
17,0.95,-0.352,-1.011,1.076,15.26,27.86,386.73,null,null
18,0.95,0.385,-2.315,1.027,37.69,-65.03,168.92,null,null
19,0.95,0.372,-1.05,0.897,-6.41,28.35,-85.02,null,null
0,0.95,0.256,-0.712,0.916,-79.56,-13.76,-253.88,null,null
1,0.95,0.088,0.21,0.903,-75.14,-75.38,-320.9,null,null
2,0.95,0.016,1.32,0.01,24.48,-148.11,-322.24,null,null
3,0.95,-0.111,1.971,-0.58,-4.85,-3.33,22.98,null,null
4,0.95,0.2,1.141,0.031,20.51,108.92,155.06,null,null
5,0.95,0.193,0.527,0.582,48.52,173.44,242.29,null,null
6,0.95,0.205,-0.332,0.869,-4.06,126.56,280.01,null,null
7,0.95,0.328,-1.474,1.187,-47.4,51.88,211.1,null,null
8,0.95,0.499,-1.437,0.625,14.07,-79.53,-96.19,null,null
9,0.95,0.324,-0.799,0.745,-73.64,12.57,-207.95,null,null
10,0.95,0.193,-0.059,0.815,-74.53,-15.02,-258.19,null,null
11,0.95,0.207,0.696,0.687,-26.18,-57.77,-273.69,null,null
12,0.95,0.102,1.89,0.019,4.76,-88.53,-173.65,null,null
13,0.95,0.259,1.386,0.154,67.51,26.31,78.31,null,null
14,0.95,0.204,0.613,0.244,51.15,82.37,215.49,null,null
15,0.95,-0.284,0.089,0.319,50.39,182.59,260.75,null,null
16,0.95,-0.983,1.366,-0.163,61.31,294.2,383.19,null,null
17,0.95,-0.167,-3.047,1.89,-95.28,107.18,428.17,null,null
18,0.95,0.295,-1.878,0.854,-57.04,-51.09,-441.69,null,null
19,0.95,-1.255,1.574,0.636,8.45,-144.93,-532.24,null,null
0,0.95,-0.463,1.722,-0.318,69.52,80.69,309.18,null,null
1,0.95,-0.385,-0.872,1.002,-52.22,304.45,686.51,null,null
2,0.95,0.643,-1.39,0.695,14.74,-89.51,-255.65,null,null
3,0.95,-0.096,1.253,0.554,-124.64,-108.43,-562.43,null,null
4,0.95,-0.458,1.967,-0.138,-44.71,50.94,214.58,null,null
5,0.95,0.01,-0.98,1.044,-73.24,214.03,633.2,null,null
6,0.95,0.652,-0.879,-0.147,-65.31,-16.48,-332.56,null,null
7,0.95,-0.43,2.055,0.149,4.06,62.96,-395.06,null,null
8,0.95,0.136,0.857,0.294,151.31,101.9,316.6,null,null
9,0.95,0.189,-1.783,1.174,34.7,52.43,518.63,null,null
10,0.95,0.647,-1.16,0.67,-62.9,-19.04,-246.38,null,null
11,0.95,-0.001,0.655,0.546,-49.41,-59.85,-504.81,null,null
12,0.95,-0.201,1.952,-0.417,-54.99,-0.7,222.11,null,null
13,0.95,0.13,-0.107,0.627,35.58,216.71,414.08,null,null
14,0.95,1.131,-2.48,1.175,75.05,-91.68,-61.25,null,null
15,0.95,0.186,-0.3,0.14,27.8,1.4,-275.67,null,null
16,0.95,-0.389,1.592,-0.221,83.13,202.86,163.03,null,null
17,0.95,-0.991,-0.042,1.206,-28.05,290.11,417.95,null,null
18,0.95,-0.85,-1.933,1.339,-38.88,90.3,407.03,null,null
19,0.95,0.547,-2.316,0.708,-13.18,-133.34,-165.11,null,null
0,0.95,-0.191,-0.987,1.245,-45.81,0.21,-336.62,null,null
1,0.95,-0.655,0.007,0.985,-74.31,-123.94,-446.03,null,null
2,0.95,-0.938,2.484,-0.512,-41.35,-307.47,-436.51,null,null
3,0.95,-0.109,1.643,-0.443,-11.23,63.11,129.43,null,null
4,0.95,0.134,1.175,0.264,87.25,140.14,193.79,null,null
5,0.95,-0.116,0.581,0.674,120.27,201.15,311.23,null,null
6,0.95,-0.08,-1.315,1.354,0.34,168.37,346.29,null,null
7,0.95,0.695,-2.287,0.974,-19.47,-31.95,-25.42,null,null
8,0.95,0.201,-1.271,0.837,-107.79,27.25,-270.49,null,null
9,0.95,-0.742,0.107,1.005,38.24,-16.82,-439.5,null,null
10,0.95,-1.052,1.719,-0.05,102.79,-181.04,-401.78,null,null
11,0.95,-0.608,1.995,-0.388,-97.08,43.0,93.26,null,null
12,0.95,-0.382,1.332,0.18,-22.31,93.81,285.35,null,null
13,0.95,-0.579,-0.057,1.049,0.34,211.83,391.25,null,null
14,0.95,-0.429,-0.964,1.226,-14.04,182.9,333.78,null,null
15,0.95,0.48,-3.174,1.932,-54.05,80.02,95.03,null,null
16,0.95,0.151,1.246,-0.392,89.24,-69.77,-126.04,null,null
17,0.95,-0.589,1.744,-0.431,24.99,223.55,196.42,null,null
18,0.95,-1.001,-0.668,1.602,-96.29,312.39,448.13,null,null
19,0.95,1.053,-3.374,1.046,16.39,-164.4,19.78,null,null
0,0.95,0.183,-1.16,0.908,-165.56,39.03,-394.51,null,null
1,0.95,-2.097,1.747,0.572,246.16,-332.9,-500.63,null,null
2,0.95,-0.897,2.065,-1.796,-15.84,73.49,264.6,null,null
3,0.95,-0.301,0.452,0.193,99.43,276.68,351.21,null,null
4,0.95,-0.633,-1.204,0.986,45.05,304.24,412.24,null,null
5,0.95,0.525,-2.657,1.246,28.96,-30.92,-206.21,null,null
6,0.95,-0.452,-0.617,1.235,-48.46,-43.18,-499.83,null,null
7,0.95,-1.948,1.936,-0.167,171.91,-348.22,-468.7,null,null
8,0.95,-0.679,1.686,-0.856,28.41,192.69,249.03,null,null
9,0.95,-0.941,0.041,0.871,-19.71,372.02,564.01,null,null
10,0.95,0.638,-3.987,0.799,-57.37,-264.29,225.14,null,null
11,0.95,-1.098,-2.199,1.398,-281.5,64.12,-660.18,null,null
12,0.95,-3.745,3.879,-0.576,82.0,-238.69,-599.2,null,null
13,0.95,-1.346,0.804,0.302,11.29,214.64,480.36,null,null
14,0.95,-1.157,-1.063,1.15,75.72,268.99,656.45,null,null
15,0.95,0.005,-4.0,0.245,19.78,-300.09,78.01,null,null
16,0.95,-0.951,1.532,-1.01,-73.15,264.84,141.03,null,null
17,0.95,-1.712,-0.166,1.467,-236.64,439.56,519.64,null,null
18,0.95,1.385,-3.992,1.803,-113.9,-19.41,273.87,null,null
19,0.95,0.334,-1.589,1.027,-139.56,-41.47,-320.29,null,null
0,0.95,-1.247,1.039,1.421,10.71,-183.63,-510.27,null,null
1,0.95,-1.74,3.278,-2.668,92.17,-137.64,113.19,null,null
2,0.95,-0.712,0.53,0.562,70.71,387.31,492.54,null,null
3,0.95,1.386,-3.978,0.967,81.21,-186.5,56.28,null,null
4,0.95,-0.768,-0.407,0.823,-55.64,-113.99,-553.85,null,null
5,0.95,-1.763,3.96,-1.642,149.51,-46.57,160.44,null,null
6,0.95,-0.999,-0.111,1.059,94.49,309.43,542.68,null,null
7,0.95,0.978,-3.99,0.894,-6.84,-102.79,210.76,null,null
8,0.95,-0.821,-1.368,0.775,-145.3,48.89,-524.98,null,null
9,0.95,-1.841,1.654,0.269,170.96,-95.22,-553.36,null,null
10,0.95,-1.314,2.716,-1.137,-17.24,60.91,237.28,null,null
11,0.95,-0.961,0.562,0.768,128.61,262.15,478.38,null,null
12,0.95,-0.265,-3.342,1.176,-5.34,-60.03,423.6,null,null
13,0.95,0.031,-1.693,0.374,-63.33,-19.68,-421.34,null,null
14,0.95,-1.626,1.347,1.02,-11.47,-76.82,-600.48,null,null
15,0.95,-0.729,2.051,-0.656,46.57,104.98,328.96,null,null
16,0.95,-0.718,-3.554,1.049,-95.07,10.86,533.77,null,null
17,0.95,0.133,-2.598,-0.26,-52.06,-58.57,-326.24,null,null
18,0.95,-1.005,-0.288,0.548,-14.19,18.34,-477.89,null,null
19,0.95,-1.18,2.028,0.418,106.78,-68.82,-387.62,null,null
0,0.95,-0.637,2.376,-0.821,19.5,-68.61,245.8,null,null
1,0.95,-0.248,0.583,0.055,10.13,96.62,448.44,null,null
2,0.95,-0.576,-1.544,0.475,-32.59,88.56,440.11,null,null
3,0.95,0.081,-2.105,-0.398,76.75,-77.06,-197.18,null,null
4,0.95,0.105,-1.553,0.479,-58.87,93.97,-309.4,null,null
5,0.95,-0.427,0.08,0.791,-13.58,46.27,-409.99,null,null
6,0.95,-1.128,2.413,-0.055,111.91,-52.71,-392.59,null,null
7,0.95,-0.503,1.861,-0.113,-129.92,-87.62,303.42,null,null
8,0.95,-0.224,0.792,0.195,57.04,72.24,337.6,null,null
9,0.95,-0.017,-0.778,0.764,44.31,71.05,354.44,null,null
10,0.95,0.059,-2.735,1.065,-94.36,51.88,327.07,null,null
11,0.95,0.428,-1.469,-0.4,-22.46,-38.06,-170.32,null,null
12,0.95,0.02,-0.985,0.911,-77.64,77.3,-270.18,null,null
13,0.95,-0.186,0.18,0.619,23.32,-41.84,-359.51,null,null
14,0.95,-0.642,1.971,-0.341,112.52,-121.89,-292.67,null,null
15,0.95,-0.427,1.653,-0.498,-33.75,49.71,162.72,null,null
16,0.95,-0.539,0.941,0.307,105.87,118.87,280.34,null,null
17,0.95,-0.58,-0.222,0.974,22.13,170.6,410.23,null,null
18,0.95,0.254,-1.712,0.799,21.12,29.63,286.51,null,null
19,0.95,0.282,-2.093,0.526,43.92,-107.55,-80.26,null,null
0,0.95,0.125,-1.315,0.537,-92.81,23.1,-215.49,null,null
1,0.95,-0.243,-0.22,0.762,-46.91,-15.69,-369.34,null,null
2,0.95,-0.639,0.949,0.357,105.81,-129.83,-370.25,null,null
3,0.95,-0.362,2.454,-1.576,12.7,-127.57,8.03,null,null
4,0.95,0.228,1.291,-0.597,34.0,59.42,117.47,null,null
5,0.95,0.084,0.854,-0.248,54.26,149.82,197.58,null,null
6,0.95,-0.33,-0.094,0.573,-26.25,214.58,337.32,null,null
7,0.95,-0.313,-1.023,1.018,-19.87,61.04,370.83,null,null
8,0.95,0.073,-3.062,0.837,105.23,-106.88,22.46,null,null
9,0.95,0.059,-1.586,0.399,-39.74,19.26,-160.01,null,null
10,0.95,-0.114,-1.114,0.808,-48.71,11.17,-268.96,null,null
11,0.95,-0.232,0.117,0.696,5.58,-57.56,-388.23,null,null
12,0.95,-0.283,1.278,0.125,83.19,-121.1,-324.56,null,null
13,0.95,-0.067,2.103,-0.894,-34.88,-70.07,-34.94,null,null
14,0.95,-0.027,1.436,-0.322,17.91,30.03,80.14,null,null
15,0.95,-0.032,1.188,-0.163,38.64,83.71,157.08,null,null
16,0.95,0.022,1.475,-0.259,173.13,-107.0,-81.36,null,null
17,0.95,-0.63,1.406,-0.239,83.13,163.82,155.61,null,null
18,0.95,-0.572,0.616,0.509,24.84,218.45,320.23,null,null
19,0.95,-0.466,-1.56,1.261,-119.66,69.52,453.81,null,null
0,0.95,-0.079,-2.474,0.816,-76.91,-42.18,262.86,null,null
1,0.95,0.133,-1.663,0.184,-27.41,-70.04,-130.86,null,null
2,0.95,-0.147,-1.196,0.513,-88.32,37.97,-343.88,null,null
3,0.95,-0.573,0.308,0.756,-64.82,1.07,-436.26,null,null
4,0.95,-0.318,1.216,0.185,48.49,-88.05,-317.03,null,null
5,0.95,-0.562,2.192,-1.043,-16.05,-180.76,-45.23,null,null
6,0.95,-0.198,1.582,-0.899,18.28,57.95,94.7,null,null
7,0.95,-0.065,0.993,-0.175,18.01,126.8,230.05,null,null
8,0.95,-0.085,0.434,0.323,51.42,187.17,315.26,null,null
9,0.95,-0.066,-0.724,1.259,18.74,105.75,329.29,null,null
10,0.95,0.028,-1.715,0.882,76.17,-57.34,243.26,null,null
11,0.95,0.417,-1.957,-0.077,40.71,-43.24,-72.73,null,null
12,0.95,0.169,-1.418,0.815,-115.57,63.66,-204.81,null,null
13,0.95,0.024,-0.401,0.579,-58.02,-45.32,-304.91,null,null
14,0.95,0.106,0.279,0.41,-14.56,-20.57,-280.25,null,null
15,0.95,0.045,1.02,0.156,76.78,-59.76,-248.12,null,null
16,0.95,-0.834,1.71,-0.828,116.25,138.98,93.3,null,null
17,0.95,-0.815,0.439,0.65,33.11,285.59,346.93,null,null
18,0.95,-0.442,-1.39,1.458,-75.81,131.99,370.68,null,null
19,0.95,0.407,-3.162,1.078,-45.56,-204.47,34.58,null,null
0,0.95,0.502,-1.242,0.369,-116.76,32.32,-275.28,null,null
1,0.95,-0.001,0.232,0.675,-104.68,-0.64,-371.75,null,null
2,0.95,-0.324,1.332,0.454,39.98,-12.24,-357.04,null,null
3,0.95,-0.161,2.242,-0.766,-18.46,-66.93,86.46,null,null
4,0.95,0.128,0.865,0.127,44.19,147.47,320.57,null,null
5,0.95,-0.181,-0.438,1.053,-2.99,208.69,388.53,null,null
6,0.95,0.387,-2.256,0.942,-74.92,52.22,291.88,null,null
7,0.95,0.186,-1.37,0.459,0.52,-59.45,-176.82,null,null
8,0.95,-0.002,-1.034,0.898,-74.65,32.29,-257.73,null,null
9,0.95,-0.216,-0.276,0.859,-55.85,-8.76,-335.89,null,null
10,0.95,-0.312,0.592,0.472,22.13,-49.68,-334.09,null,null
11,0.95,-0.96,2.298,0.165,-3.54,-39.58,-249.15,null,null
12,0.95,-0.392,1.94,-0.042,-5.98,27.59,180.43,null,null
13,0.95,-0.126,0.622,0.259,76.75,70.53,306.99,null,null
14,0.95,-0.298,0.016,0.488,71.78,191.63,305.49,null,null
15,0.95,-0.478,-0.588,0.933,16.51,276.53,325.42,null,null
16,0.95,-0.179,1.106,-1.076,-70.53,-213.6,-27.65,null,null
17,0.95,-0.298,0.736,-1.078,109.9,293.34,-32.17,null,null
18,0.95,0.33,-0.163,2.392,-213.75,-75.5,45.17,null,null
19,0.95,-0.023,0.64,-1.17,-16.79,-199.16,-26.12,null,null
0,0.95,-0.388,0.771,-0.209,60.03,407.88,-29.63,null,null
1,0.95,0.694,-0.289,1.985,-63.3,-228.92,-49.01,null,null
2,0.95,-0.593,1.127,-2.511,96.65,-232.7,-13.95,null,null
3,0.95,0.013,0.98,0.14,58.87,334.67,-6.68,null,null
4,0.95,0.972,0.03,1.349,-71.66,-287.36,43.03,null,null
5,0.95,-0.511,1.136,-2.856,-1.04,-59.97,-7.97,null,null
6,0.95,-0.006,0.956,0.392,36.44,358.13,-30.67,null,null
7,0.95,0.733,0.63,1.37,-53.41,-257.85,-64.67,null,null
8,0.95,-0.666,1.381,-2.435,47.24,-159.03,-32.5,null,null
9,0.95,0.128,0.706,0.013,49.04,349.77,-51.52,null,null
10,0.95,0.613,-0.187,1.551,-162.48,-3.48,68.61,null,null
11,0.95,0.019,0.675,-1.514,41.17,-157.17,-52.77,null,null
12,0.95,-0.059,1.14,-0.01,29.02,354.35,-61.19,null,null
13,0.95,0.26,0.864,1.249,-55.42,-220.68,-14.4,null,null
14,0.95,-0.366,0.99,-2.743,53.25,-37.72,-37.66,null,null
15,0.95,-0.286,0.801,-0.237,-14.71,440.41,-79.32,null,null
16,0.95,0.179,0.364,1.479,-103.61,-202.58,75.59,null,null
17,0.95,-0.331,0.889,-1.711,-18.22,-233.53,-28.41,null,null
18,0.95,-0.308,0.507,-0.64,5.1,354.78,-40.31,null,null
19,0.95,0.494,0.304,1.714,-135.93,-190.25,52.67,null,null
0,0.95,-0.088,0.963,-0.956,-31.65,-256.29,-24.26,null,null
1,0.95,-0.263,0.516,-1.309,29.36,290.26,-10.93,null,null
2,0.95,2.722,2.777,-2.382,-128.06,-356.03,-52.95,null,null
3,0.95,0.202,0.842,0.222,-2.26,-182.56,-38.06,null,null
4,0.95,-0.603,0.94,-2.065,8.91,63.75,11.84,null,null
5,0.95,-0.106,1.654,1.649,-70.71,422.77,14.22,null,null
6,0.95,0.585,0.702,0.39,4.94,-186.56,-46.69,null,null
7,0.95,-0.33,1.206,-1.09,5.07,-121.31,-45.56,null,null
8,0.95,-0.258,0.549,-1.138,56.25,235.57,-12.51,null,null
9,0.95,3.059,1.728,-2.467,39.95,-559.62,51.42,null,null
10,0.95,0.188,0.999,0.24,43.03,-217.66,-36.01,null,null
11,0.95,-0.483,1.219,-1.956,28.41,-93.17,-11.6,null,null
12,0.95,-0.343,1.087,-0.258,20.11,380.44,-62.75,null,null
13,0.95,0.261,-0.326,2.006,-194.89,-49.47,91.68,null,null
14,0.95,0.028,0.974,-0.58,-16.66,-219.0,-32.47,null,null
15,0.95,-0.932,0.479,-0.298,-28.87,309.61,5.1,null,null
16,0.95,-0.329,1.042,1.08,45.72,-138.68,99.0,null,null
17,0.95,-0.903,0.657,-1.391,90.33,-268.96,35.52,null,null
18,0.95,-0.781,-0.066,-1.669,-61.04,274.97,-48.49,null,null
19,0.95,-0.975,2.803,2.054,-112.4,81.03,-128.64,null,null
0,0.95,-0.567,0.321,-0.713,29.63,-321.57,135.62,null,null
1,0.95,-0.721,-0.366,-3.048,-35.68,156.71,-9.55,null,null
2,0.95,-1.167,1.393,0.98,-98.57,368.48,-167.36,null,null
3,0.95,-0.426,0.941,0.446,-33.85,-259.56,159.31,null,null
4,0.95,-0.725,-0.088,-3.906,-36.41,-77.55,76.33,null,null
5,0.95,-0.486,1.508,1.353,-71.87,325.54,-38.58,null,null
6,0.95,0.142,0.564,0.42,-13.61,-216.96,107.21,null,null
7,0.95,-0.247,0.069,-3.053,12.94,153.97,-8.15,null,null
8,0.95,0.347,4.0,1.276,-33.2,30.79,-89.54,null,null
9,0.95,0.084,0.552,-1.097,56.86,-287.76,-32.44,null,null
10,0.95,-0.526,0.617,-1.14,45.44,382.43,-121.19,null,null
11,0.95,0.009,0.323,1.724,-164.49,-69.77,149.02,null,null
12,0.95,-0.53,0.432,-2.978,-7.29,-366.53,-102.63,null,null
13,0.95,-1.105,1.319,-0.653,-50.51,300.79,-140.75,null,null
14,0.95,-0.08,0.511,0.797,-14.77,-221.69,91.86,null,null
15,0.95,-0.506,0.184,-3.5,-28.05,-168.74,25.21,null,null
16,0.95,-0.133,0.87,0.4,27.22,-207.04,46.11,null,null
17,0.95,-0.331,0.449,-2.732,-7.87,-88.84,-54.05,null,null
18,0.95,-0.988,0.969,-0.429,-64.67,287.39,-83.77,null,null
19,0.95,0.188,0.746,0.59,12.02,-127.81,49.29,null,null
0,0.95,-0.583,0.655,-1.807,8.42,-113.83,7.11,null,null
1,0.95,-1.04,0.563,-1.118,-10.22,344.8,-132.27,null,null
2,0.95,-0.22,-0.318,1.008,-142.34,-3.45,107.49,null,null
3,0.95,-0.313,0.632,-0.987,69.37,-200.42,10.07,null,null
4,0.95,-0.617,0.205,-2.069,-15.96,241.49,-82.55,null,null
5,0.95,-0.876,-0.522,1.497,-197.42,-71.17,308.82,null,null
6,0.95,-0.313,0.808,-0.697,90.46,-169.5,18.37,null,null
7,0.95,-0.539,0.161,-2.579,-34.09,129.37,-5.25,null,null
8,0.95,-0.479,3.874,0.569,-220.34,183.39,-274.48,null,null
9,0.95,-0.028,0.269,-0.013,24.45,-225.14,13.58,null,null
10,0.95,-0.461,0.511,-2.993,1.1,65.0,-4.7,null,null
11,0.95,-1.217,0.093,3.223,321.51,330.03,33.94,null,null
12,0.95,0.016,0.638,0.315,-21.21,-198.1,44.98,null,null
13,0.95,-0.585,0.547,-2.881,6.1,-142.98,41.84,null,null
14,0.95,-0.757,0.745,-0.339,-62.75,332.44,-70.41,null,null
15,0.95,-0.223,0.175,-2.576,2.14,15.59,46.82,null,null
16,0.95,-1.002,1.11,0.08,-50.57,323.65,-112.19,null,null
17,0.95,-0.004,0.577,0.684,-49.17,-187.72,134.01,null,null
18,0.95,-0.722,0.506,-3.023,8.94,-209.94,45.66,null,null
19,0.95,-0.704,0.827,-0.401,-11.05,301.68,-88.23,null,null
0,0.95,0.183,1.234,0.664,115.33,-107.43,32.62,null,null
1,0.95,-0.376,-0.244,-3.106,68.03,-259.04,15.53,null,null
2,0.95,-1.242,1.714,2.354,-59.21,294.72,-96.35,null,null
3,0.95,0.081,0.957,0.221,-8.79,-210.36,10.16,null,null
4,0.95,-0.429,0.438,-3.155,-58.5,65.68,1.4,null,null
5,0.95,-0.449,0.396,2.274,-177.62,127.99,263.22,null,null
6,0.95,-0.06,0.408,-1.058,49.78,-288.8,9.06,null,null
7,0.95,-0.649,0.617,-1.223,-28.08,324.66,-73.06,null,null
8,0.95,-0.087,0.651,0.575,82.71,-38.42,52.52,null,null
9,0.95,-0.972,0.628,-2.73,8.91,-299.75,23.04,null,null
10,0.95,-0.889,1.099,0.425,-84.81,310.4,-74.13,null,null
11,0.95,0.15,0.709,0.144,-46.48,-222.11,50.23,null,null
12,0.95,-0.346,0.388,-2.279,-14.83,172.06,-47.36,null,null
13,0.95,-0.813,0.27,1.65,-166.14,88.05,246.13,null,null
14,0.95,-0.257,0.174,-2.43,33.45,-214.45,79.93,null,null
15,0.95,0.605,4.0,-0.631,-159.95,74.95,-186.01,null,null
16,0.95,0.25,0.26,-1.028,79.23,-143.62,-47.58,null,null
17,0.95,-1.578,0.703,1.385,278.33,-244.12,36.87,null,null
18,0.95,0.455,0.136,0.035,8.73,-140.72,-17.79,null,null
19,0.95,0.092,-0.01,0.008,-32.38,414.23,-33.23,null,null
0,0.95,0.142,1.148,0.765,133.34,-214.45,-43.86,null,null
1,0.95,0.227,0.126,-1.408,-120.85,226.97,31.1,null,null
2,0.95,0.007,-0.542,2.031,32.9,-70.86,26.98,null,null
3,0.95,0.162,0.966,-1.704,21.39,-34.82,-5.83,null,null
4,0.95,3.576,-0.373,-1.585,-134.04,-187.84,33.48,null,null
5,0.95,0.346,0.292,-0.173,-14.28,-190.59,-30.52,null,null
6,0.95,-0.231,0.704,0.394,-0.34,399.0,-47.82,null,null
7,0.95,0.195,0.867,0.66,60.03,-187.87,-11.47,null,null
8,0.95,0.173,0.481,-1.518,-118.14,168.55,41.63,null,null
9,0.95,-0.099,-0.325,1.949,40.01,-113.59,-29.15,null,null
10,0.95,0.115,1.014,-1.66,-1.4,-51.79,1.28,null,null
11,0.95,-2.367,-1.277,3.158,444.44,-140.63,114.08,null,null
12,0.95,0.011,0.777,0.27,38.97,-247.93,4.85,null,null
13,0.95,0.189,-0.158,-1.104,-75.9,207.46,39.34,null,null
14,0.95,-0.709,-0.033,2.605,91.1,-65.61,-21.18,null,null
15,0.95,0.179,0.811,-0.675,11.05,-254.22,-53.93,null,null
16,0.95,-0.012,0.302,0.022,-74.71,368.27,0.67,null,null
17,0.95,-0.302,0.558,1.672,39.06,-189.09,16.21,null,null
18,0.95,-0.327,0.665,-1.358,107.73,-255.23,-100.5,null,null
19,0.95,0.088,1.046,0.029,-82.22,434.4,-57.53,null,null
0,0.95,0.387,0.531,1.461,64.82,-218.21,-111.97,null,null
1,0.95,-0.879,2.29,-1.5,-62.9,-336.77,-110.78,null,null
2,0.95,-0.343,0.696,-0.708,113.68,294.08,91.89,null,null
3,0.95,-1.025,-0.501,3.642,342.27,-50.29,126.83,null,null
4,0.95,0.32,0.706,0.306,-24.66,-221.9,-76.97,null,null
5,0.95,-0.527,1.247,-2.351,49.56,25.33,24.51,null,null
6,0.95,-0.142,0.874,0.428,-7.87,426.62,9.16,null,null
7,0.95,0.614,0.376,0.895,44.1,-185.19,-84.72,null,null
8,0.95,-0.53,0.717,-1.943,57.56,-152.26,-91.19,null,null
9,0.95,-0.454,1.1,-0.612,76.97,318.46,-107.39,null,null
10,0.95,0.69,0.166,0.773,-117.47,-157.84,171.51,null,null
11,0.95,-0.092,0.887,-1.848,21.64,-132.66,-36.16,null,null
12,0.95,-0.292,0.858,-0.554,27.59,295.85,-45.66,null,null
13,0.95,0.491,1.083,0.704,-55.82,-134.19,96.16,null,null
14,0.95,0.022,0.865,-2.477,-54.26,-44.62,55.33,null,null
15,0.95,1.387,1.659,2.077,266.55,-11.99,38.54,null,null
16,0.95,-0.156,0.601,-1.098,54.23,313.58,-14.1,null,null
17,0.95,0.576,-0.138,0.675,-9.16,-147.28,105.87,null,null
18,0.95,-0.268,0.628,-2.346,-16.82,-120.98,-58.02,null,null
19,0.95,-0.044,1.08,0.129,13.43,344.68,-103.67,null,null
0,0.95,0.714,0.437,0.782,-9.13,-139.81,-11.05,null,null
1,0.95,-0.285,1.667,-2.253,-30.06,-258.25,-105.11,null,null
2,0.95,-0.189,0.77,-0.686,42.24,321.6,-13.92,null,null
3,0.95,-0.315,0.205,1.892,-244.21,-144.29,102.51,null,null
4,0.95,-0.03,0.892,-1.254,-12.76,-241.16,-108.13,null,null
5,0.95,-0.114,0.709,-0.844,33.88,316.26,-24.38,null,null
6,0.95,0.24,1.763,0.074,-131.96,-22.95,-35.58,null,null
7,0.95,0.187,0.56,0.087,2.99,-151.92,-148.29,null,null
8,0.95,-0.528,0.587,-2.051,-96.47,-2.93,-135.87,null,null
9,0.95,-3.007,2.153,3.172,-29.69,50.63,-89.05,null,null
10,0.95,-0.58,1.007,-0.056,15.66,-156.93,33.39,null,null
11,0.95,-0.776,0.676,-1.997,-66.74,90.76,17.85,null,null
12,0.95,-2.489,0.54,1.892,330.61,-141.27,192.97,null,null
13,0.95,-0.12,0.601,0.264,66.81,-113.53,-10.83,null,null
14,0.95,-0.632,0.794,-2.332,9.7,84.69,-59.97,null,null
15,0.95,2.732,1.369,-0.758,73.92,-177.98,75.56,null,null
16,0.95,0.825,2.743,-1.287,-100.89,-29.91,-196.08,null,null
17,0.95,0.285,0.344,0.232,0.89,-61.46,31.22,null,null
18,0.95,-1.016,0.796,-3.217,-32.47,101.78,-55.3,null,null
19,0.95,-0.191,0.672,0.277,-74.53,36.77,32.26,null,null
0,0.95,-0.402,0.707,-0.44,80.48,-174.63,-24.87,null,null
1,0.95,-0.817,-0.24,-3.485,-46.72,114.05,-3.63,null,null
2,0.95,-0.814,3.273,-1.726,-53.5,-294.02,-164.43,null,null
3,0.95,0.201,0.203,0.317,-4.79,-181.13,14.1,null,null
4,0.95,-1.786,0.393,-3.969,-1.46,-25.36,-102.11,null,null
5,0.95,1.927,-2.973,-1.708,524.12,90.37,118.87,null,null
6,0.95,0.411,0.162,0.181,24.45,-176.4,36.77,null,null
7,0.95,-1.518,0.806,-3.158,-60.7,136.11,-1.86,null,null
8,0.95,1.058,3.241,1.261,-280.34,161.02,-103.85,null,null
9,0.95,-0.018,0.234,-0.709,81.85,-141.97,-34.82,null,null
10,0.95,-1.3,0.793,-2.358,-98.21,251.9,-50.72,null,null
11,0.95,-0.795,0.695,0.253,-17.21,79.74,-11.87,null,null
12,0.95,-0.755,0.663,-1.664,94.49,-220.53,19.32,null,null
13,0.95,-0.687,0.318,-1.031,-88.29,286.6,-4.15,null,null
14,0.95,-0.62,1.43,0.507,92.01,-82.09,42.48,null,null
15,0.95,-0.587,0.026,-2.892,41.38,-114.38,-24.54,null,null
16,0.95,0.004,0.788,0.258,-62.5,-164.43,31.07,null,null
17,0.95,-0.793,0.256,-3.22,3.78,14.07,-99.22,null,null
18,0.95,0.105,2.505,2.289,-222.33,206.64,128.76,null,null
19,0.95,-0.011,0.003,-0.177,105.08,-200.57,-64.76,null,null
0,0.95,-2.651,2.361,4.0,203.96,288.06,-26.28,null,null
1,0.95,0.311,0.622,0.254,72.54,-276.04,-81.76,null,null
2,0.95,-1.046,1.269,-2.955,8.7,-29.27,20.26,null,null
3,0.95,-0.278,0.83,0.178,-140.42,356.79,-12.88,null,null
4,0.95,0.179,1.13,0.513,-9.86,-251.75,-10.59,null,null
5,0.95,-0.779,1.419,-1.927,1.31,-237.8,-58.72,null,null
6,0.95,-0.293,0.592,-0.502,-18.65,272.62,16.69,null,null
7,0.95,-0.581,-0.263,1.968,-41.78,-78.01,53.07,null,null
8,0.95,-0.234,0.907,-0.111,21.64,-243.11,-44.53,null,null
9,0.95,-0.751,1.138,-2.151,-15.69,-60.4,28.05,null,null
10,0.95,-0.305,0.79,-0.109,-28.87,269.66,24.26,null,null
11,0.95,-0.296,1.441,0.202,-210.85,35.1,29.39,null,null
12,0.95,-0.264,1.348,0.236,-2.08,-209.63,-26.34,null,null
13,0.95,-0.362,1.038,-1.248,49.78,-143.8,48.71,null,null
14,0.95,-0.371,0.617,-1.029,-29.39,278.18,53.56,null,null
15,0.95,2.185,-1.75,-2.365,346.11,-866.15,174.69,null,null
16,0.95,2.93,-0.627,-1.75,-82.46,-196.36,25.21,null,null
17,0.95,-0.304,0.827,-0.101,-65.46,17.43,-16.72,null,null
18,0.95,-0.536,0.739,-0.591,99.19,-101.66,-40.89,null,null
19,0.95,-0.698,0.533,-1.426,35.16,-63.81,16.3,null,null
0,0.95,-0.939,0.442,-1.709,-2.04,275.28,-29.79,null,null
1,0.95,0.084,-0.933,0.177,82.34,-5.25,116.12,null,null
2,0.95,-0.206,0.589,-0.168,8.76,-66.26,21.39,null,null
3,0.95,-0.52,0.607,-0.599,64.79,-93.57,-10.19,null,null
4,0.95,-0.863,0.418,-2.181,8.39,-5.19,10.07,null,null
5,0.95,-0.761,0.374,-0.673,-106.08,322.76,-33.66,null,null
6,0.95,-0.322,0.762,-0.014,-54.72,-88.81,60.03,null,null
7,0.95,-0.601,0.645,-0.585,71.38,-147.92,-8.45,null,null
8,0.95,-0.804,0.483,-1.744,26.18,-102.51,23.5,null,null
9,0.95,-0.917,0.406,-1.314,-63.14,210.76,-53.1,null,null
10,0.95,-1.188,3.794,1.125,-305.83,115.67,-236.76,null,null
11,0.95,-0.397,0.471,0.159,19.1,-132.66,0.31,null,null
12,0.95,-0.824,0.845,-0.647,-28.99,-167.97,34.46,null,null
13,0.95,-0.693,0.506,-1.243,29.73,-91.71,42.15,null,null
14,0.95,-0.837,0.534,-1.388,-37.54,128.73,-27.16,null,null
15,0.95,-0.564,0.153,-2.29,-20.23,53.25,6.99,null,null
16,0.95,-1.239,0.834,-0.344,-114.41,300.85,-67.29,null,null
17,0.95,-0.332,0.642,0.137,82.31,-111.06,72.73,null,null
18,0.95,-0.643,0.645,-0.97,55.27,-171.51,-20.63,null,null
19,0.95,-0.514,0.174,-1.957,-12.27,114.17,-24.02,null,null
0,0.95,-0.005,3.126,-0.854,-89.36,-178.53,-218.88,null,null
1,0.95,-0.531,0.953,0.443,-80.36,-57.5,7.57,null,null
2,0.95,-0.765,0.794,-1.009,154.7,-165.87,-33.36,null,null
3,0.95,-0.791,0.447,-2.116,-25.3,99.09,-7.42,null,null
4,0.95,-1.268,0.792,-0.461,-104.34,350.96,-59.79,null,null
5,0.95,-0.624,1.208,0.551,161.14,79.13,60.03,null,null
6,0.95,-0.786,0.93,-0.803,101.05,-181.71,-20.36,null,null
7,0.95,-0.559,0.329,-2.075,18.92,-4.12,49.9,null,null
8,0.95,-0.904,0.665,-0.605,-93.54,282.45,-60.91,null,null
9,0.95,-0.451,-1.608,0.576,87.44,-39.0,73.43,null,null
10,0.95,-0.284,0.835,-0.277,62.59,-177.37,31.4,null,null
11,0.95,-0.533,0.514,-1.616,32.32,-136.6,42.36,null,null
12,0.95,-0.711,0.574,-1.225,-37.97,227.15,-91.22,null,null
13,0.95,-0.933,4.0,1.838,-398.75,48.43,-432.08,null,null
14,0.95,-0.352,0.876,0.36,-31.77,-177.1,47.46,null,null
15,0.95,-0.485,1.019,-0.458,9.98,-239.78,9.0,null,null
16,0.95,-1.445,-1.312,2.654,782.28,-70.04,164.74,null,null
17,0.95,0.207,0.982,0.755,51.58,-90.7,-25.67,null,null
18,0.95,-0.201,1.168,-0.143,30.06,-167.55,-39.0,null,null
19,0.95,-0.508,1.113,-1.229,19.26,-93.87,-1.74,null,null
0,0.95,-0.396,0.646,-0.943,0.43,253.4,-14.62,null,null
1,0.95,-0.586,-1.607,0.933,720.05,-355.42,215.25,null,null
2,0.95,0.098,0.945,0.896,-17.79,-147.89,2.2,null,null
3,0.95,-0.065,1.143,-0.177,-18.68,-144.32,-25.36,null,null
4,0.95,-0.167,0.966,-0.677,22.34,-109.78,10.8,null,null
5,0.95,-0.448,0.827,-1.222,29.15,194.52,7.29,null,null
6,0.95,-0.6,1.07,0.77,-89.39,392.96,14.28,null,null
7,0.95,-0.113,0.782,1.287,4.94,-156.29,-25.76,null,null
8,0.95,-0.117,1.051,0.04,29.6,-224.16,-43.34,null,null
9,0.95,-0.758,1.186,-1.285,17.7,-162.82,-1.92,null,null
10,0.95,-0.442,0.562,-1.094,21.27,247.23,-14.44,null,null
11,0.95,-1.515,1.158,0.571,-134.19,514.11,-55.76,null,null
12,0.95,0.44,1.047,0.809,-97.57,-173.65,-60.79,null,null
13,0.95,-0.145,1.178,0.118,-6.5,-215.86,-35.46,null,null
14,0.95,-0.322,1.079,-0.788,37.66,-161.75,6.44,null,null
15,0.95,-0.453,0.626,-0.88,23.9,243.87,-19.1,null,null
16,0.95,-0.954,1.263,1.11,-120.67,363.32,-11.08,null,null
17,0.95,0.182,1.134,0.762,-6.01,-136.54,-43.31,null,null
18,0.95,-0.132,1.001,0.064,19.87,-190.71,-21.73,null,null
19,0.95,-0.509,1.106,-1.008,26.37,-129.61,33.88,null,null
