frame_index,timestamp,gesture,trial,elapsed
0,2026-07-28T15:42:38.180370+00:00,soli,0,0.0
1,2026-07-28T15:42:38.285091+00:00,soli,0,0.109
2,2026-07-28T15:42:38.387714+00:00,soli,0,0.203
3,2026-07-28T15:42:38.474503+00:00,soli,0,0.296
4,2026-07-28T15:42:38.576527+00:00,soli,0,0.406
5,2026-07-28T15:42:38.678666+00:00,soli,0,0.5
6,2026-07-28T15:42:38.780308+00:00,soli,0,0.609
7,2026-07-28T15:42:38.882310+00:00,soli,0,0.703
8,2026-07-28T15:42:38.974507+00:00,soli,0,0.796
9,2026-07-28T15:42:39.076448+00:00,soli,0,0.906
10,2026-07-28T15:42:39.178124+00:00,soli,0,1.0
11,2026-07-28T15:42:39.280450+00:00,soli,0,1.109
12,2026-07-28T15:42:39.384746+00:00,soli,0,1.203
13,2026-07-28T15:42:39.486794+00:00,soli,0,1.312
14,2026-07-28T15:42:39.588593+00:00,soli,0,1.406
0,2026-07-28T15:42:43.848350+00:00,soli,1,0.0
1,2026-07-28T15:42:43.950028+00:00,soli,1,0.094
2,2026-07-28T15:42:44.036786+00:00,soli,1,0.188
3,2026-07-28T15:42:44.138471+00:00,soli,1,0.297
4,2026-07-28T15:42:44.240775+00:00,soli,1,0.391
5,2026-07-28T15:42:44.342294+00:00,soli,1,0.5
6,2026-07-28T15:42:44.443792+00:00,soli,1,0.594
7,2026-07-28T15:42:44.545745+00:00,soli,1,0.704
8,2026-07-28T15:42:44.654982+00:00,soli,1,0.813
9,2026-07-28T15:42:44.756568+00:00,soli,1,0.907
10,2026-07-28T15:42:44.858294+00:00,soli,1,1.016
11,2026-07-28T15:42:44.960084+00:00,soli,1,1.11
12,2026-07-28T15:42:45.062074+00:00,soli,1,1.219
13,2026-07-28T15:42:45.165583+00:00,soli,1,1.313
14,2026-07-28T15:42:45.267844+00:00,soli,1,1.422
0,2026-07-28T15:42:49.721851+00:00,soli,2,0.0
1,2026-07-28T15:42:49.823477+00:00,soli,2,0.094
2,2026-07-28T15:42:49.924840+00:00,soli,2,0.204
3,2026-07-28T15:42:50.027070+00:00,soli,2,0.297
4,2026-07-28T15:42:50.128847+00:00,soli,2,0.407
5,2026-07-28T15:42:50.230742+00:00,soli,2,0.5
6,2026-07-28T15:42:50.332630+00:00,soli,2,0.61
7,2026-07-28T15:42:50.434459+00:00,soli,2,0.704
8,2026-07-28T15:42:50.530825+00:00,soli,2,0.813
9,2026-07-28T15:42:50.633395+00:00,soli,2,0.907
10,2026-07-28T15:42:50.736055+00:00,soli,2,1.016
11,2026-07-28T15:42:50.838008+00:00,soli,2,1.11
12,2026-07-28T15:42:50.934504+00:00,soli,2,1.204
13,2026-07-28T15:42:51.021080+00:00,soli,2,1.297
14,2026-07-28T15:42:51.122552+00:00,soli,2,1.391
0,2026-07-28T15:42:56.949700+00:00,soli,3,0.016
1,2026-07-28T15:42:57.052956+00:00,soli,3,0.11
2,2026-07-28T15:42:57.155074+00:00,soli,3,0.219
3,2026-07-28T15:42:57.257245+00:00,soli,3,0.313
4,2026-07-28T15:42:57.359072+00:00,soli,3,0.422
5,2026-07-28T15:42:57.460914+00:00,soli,3,0.516
6,2026-07-28T15:42:57.563211+00:00,soli,3,0.625
7,2026-07-28T15:42:57.665747+00:00,soli,3,0.719
8,2026-07-28T15:42:57.762850+00:00,soli,3,0.813
9,2026-07-28T15:42:57.849869+00:00,soli,3,0.906
10,2026-07-28T15:42:57.951508+00:00,soli,3,1.016
11,2026-07-28T15:42:58.052991+00:00,soli,3,1.11
12,2026-07-28T15:42:58.154394+00:00,soli,3,1.219
13,2026-07-28T15:42:58.255744+00:00,soli,3,1.313
14,2026-07-28T15:42:58.357169+00:00,soli,3,1.406
0,2026-07-28T15:43:01.244181+00:00,soli,4,0.0
1,2026-07-28T15:43:01.348433+00:00,soli,4,0.109
2,2026-07-28T15:43:01.450044+00:00,soli,4,0.203
3,2026-07-28T15:43:01.551710+00:00,soli,4,0.313
4,2026-07-28T15:43:01.653876+00:00,soli,4,0.406
5,2026-07-28T15:43:01.739863+00:00,soli,4,0.5
6,2026-07-28T15:43:01.842164+00:00,soli,4,0.609
7,2026-07-28T15:43:01.943866+00:00,soli,4,0.703
8,2026-07-28T15:43:02.037770+00:00,soli,4,0.797
9,2026-07-28T15:43:02.139254+00:00,soli,4,0.906
10,2026-07-28T15:43:02.240540+00:00,soli,4,1.0
11,2026-07-28T15:43:02.341814+00:00,soli,4,1.109
12,2026-07-28T15:43:02.443002+00:00,soli,4,1.203
13,2026-07-28T15:43:02.544209+00:00,soli,4,1.297
14,2026-07-28T15:43:02.629533+00:00,soli,4,1.391
15,2026-07-28T15:43:02.731286+00:00,soli,4,1.484
0,2026-07-28T15:43:11.372500+00:00,making-fist-open,1,0.0
1,2026-07-28T15:43:11.458776+00:00,making-fist-open,1,0.094
2,2026-07-28T15:43:11.560360+00:00,making-fist-open,1,0.203
3,2026-07-28T15:43:11.662130+00:00,making-fist-open,1,0.297
4,2026-07-28T15:43:11.764044+00:00,making-fist-open,1,0.406
5,2026-07-28T15:43:11.866200+00:00,making-fist-open,1,0.5
6,2026-07-28T15:43:11.968032+00:00,making-fist-open,1,0.609
7,2026-07-28T15:43:12.070265+00:00,making-fist-open,1,0.703
8,2026-07-28T15:43:12.166809+00:00,making-fist-open,1,0.797
9,2026-07-28T15:43:12.268436+00:00,making-fist-open,1,0.906
10,2026-07-28T15:43:12.370655+00:00,making-fist-open,1,1.0
11,2026-07-28T15:43:12.472936+00:00,making-fist-open,1,1.109
12,2026-07-28T15:43:12.575074+00:00,making-fist-open,1,1.203
13,2026-07-28T15:43:12.671840+00:00,making-fist-open,1,1.313
14,2026-07-28T15:43:12.773935+00:00,making-fist-open,1,1.406
0,2026-07-28T15:43:18.661309+00:00,making-fist-open,2,0.0
1,2026-07-28T15:43:18.763727+00:00,making-fist-open,2,0.109
2,2026-07-28T15:43:18.865315+00:00,making-fist-open,2,0.203
3,2026-07-28T15:43:18.966882+00:00,making-fist-open,2,0.312
4,2026-07-28T15:43:19.068867+00:00,making-fist-open,2,0.406
5,2026-07-28T15:43:19.171159+00:00,making-fist-open,2,0.516
6,2026-07-28T15:43:19.273463+00:00,making-fist-open,2,0.609
7,2026-07-28T15:43:19.375263+00:00,making-fist-open,2,0.719
8,2026-07-28T15:43:19.485869+00:00,making-fist-open,2,0.828
9,2026-07-28T15:43:19.588103+00:00,making-fist-open,2,0.922
10,2026-07-28T15:43:19.690144+00:00,making-fist-open,2,1.031
11,2026-07-28T15:43:19.791623+00:00,making-fist-open,2,1.125
12,2026-07-28T15:43:19.892990+00:00,making-fist-open,2,1.234
13,2026-07-28T15:43:19.994662+00:00,making-fist-open,2,1.328
14,2026-07-28T15:43:20.097296+00:00,making-fist-open,2,1.437
0,2026-07-28T15:43:23.925385+00:00,making-fist-open,3,0.0
1,2026-07-28T15:43:24.027922+00:00,making-fist-open,3,0.093
2,2026-07-28T15:43:24.130237+00:00,making-fist-open,3,0.203
3,2026-07-28T15:43:24.231905+00:00,making-fist-open,3,0.296
4,2026-07-28T15:43:24.318289+00:00,making-fist-open,3,0.39
5,2026-07-28T15:43:24.419897+00:00,making-fist-open,3,0.5
6,2026-07-28T15:43:24.521150+00:00,making-fist-open,3,0.593
7,2026-07-28T15:43:24.614746+00:00,making-fist-open,3,0.687
8,2026-07-28T15:43:24.717239+00:00,making-fist-open,3,0.796
9,2026-07-28T15:43:24.820282+00:00,making-fist-open,3,0.89
10,2026-07-28T15:43:24.914438+00:00,making-fist-open,3,0.984
11,2026-07-28T15:43:25.016437+00:00,making-fist-open,3,1.093
12,2026-07-28T15:43:25.119374+00:00,making-fist-open,3,1.187
13,2026-07-28T15:43:25.221066+00:00,making-fist-open,3,1.296
14,2026-07-28T15:43:25.322584+00:00,making-fist-open,3,1.39
0,2026-07-28T15:43:29.837968+00:00,making-fist-open,4,0.0
1,2026-07-28T15:43:29.940747+00:00,making-fist-open,4,0.109
2,2026-07-28T15:43:30.043071+00:00,making-fist-open,4,0.203
3,2026-07-28T15:43:30.144666+00:00,making-fist-open,4,0.312
4,2026-07-28T15:43:30.246897+00:00,making-fist-open,4,0.406
5,2026-07-28T15:43:30.334369+00:00,making-fist-open,4,0.5
6,2026-07-28T15:43:30.435874+00:00,making-fist-open,4,0.609
7,2026-07-28T15:43:30.537459+00:00,making-fist-open,4,0.703
8,2026-07-28T15:43:30.636801+00:00,making-fist-open,4,0.797
9,2026-07-28T15:43:30.738727+00:00,making-fist-open,4,0.906
10,2026-07-28T15:43:30.840728+00:00,making-fist-open,4,1.0
11,2026-07-28T15:43:30.943004+00:00,making-fist-open,4,1.109
12,2026-07-28T15:43:31.045078+00:00,making-fist-open,4,1.219
13,2026-07-28T15:43:31.146654+00:00,making-fist-open,4,1.312
14,2026-07-28T15:43:31.249364+00:00,making-fist-open,4,1.422
0,2026-07-28T15:43:43.740202+00:00,palm-up-down,0,0.0
1,2026-07-28T15:43:43.843612+00:00,palm-up-down,0,0.109
2,2026-07-28T15:43:43.945293+00:00,palm-up-down,0,0.203
3,2026-07-28T15:43:44.047269+00:00,palm-up-down,0,0.313
4,2026-07-28T15:43:44.149013+00:00,palm-up-down,0,0.406
5,2026-07-28T15:43:44.251033+00:00,palm-up-down,0,0.516
6,2026-07-28T15:43:44.352772+00:00,palm-up-down,0,0.609
7,2026-07-28T15:43:44.454268+00:00,palm-up-down,0,0.719
8,2026-07-28T15:43:44.563062+00:00,palm-up-down,0,0.828
9,2026-07-28T15:43:44.674019+00:00,palm-up-down,0,0.938
10,2026-07-28T15:43:44.775777+00:00,palm-up-down,0,1.031
11,2026-07-28T15:43:44.877960+00:00,palm-up-down,0,1.141
12,2026-07-28T15:43:44.979913+00:00,palm-up-down,0,1.234
13,2026-07-28T15:43:45.081773+00:00,palm-up-down,0,1.344
14,2026-07-28T15:43:45.183662+00:00,palm-up-down,0,1.438
0,2026-07-28T15:43:48.936085+00:00,palm-up-down,1,0.0
1,2026-07-28T15:43:49.039296+00:00,palm-up-down,1,0.094
2,2026-07-28T15:43:49.140854+00:00,palm-up-down,1,0.203
3,2026-07-28T15:43:49.242861+00:00,palm-up-down,1,0.297
4,2026-07-28T15:43:49.344365+00:00,palm-up-down,1,0.406
5,2026-07-28T15:43:49.445926+00:00,palm-up-down,1,0.5
6,2026-07-28T15:43:49.548090+00:00,palm-up-down,1,0.61
7,2026-07-28T15:43:49.650113+00:00,palm-up-down,1,0.703
8,2026-07-28T15:43:49.746896+00:00,palm-up-down,1,0.797
9,2026-07-28T15:43:49.832914+00:00,palm-up-down,1,0.891
10,2026-07-28T15:43:49.934937+00:00,palm-up-down,1,0.985
11,2026-07-28T15:43:50.021374+00:00,palm-up-down,1,1.078
12,2026-07-28T15:43:50.123081+00:00,palm-up-down,1,1.188
13,2026-07-28T15:43:50.224718+00:00,palm-up-down,1,1.281
14,2026-07-28T15:43:50.327117+00:00,palm-up-down,1,1.391
15,2026-07-28T15:43:50.429095+00:00,palm-up-down,1,1.485
0,2026-07-28T15:43:54.357488+00:00,palm-up-down,2,0.0
1,2026-07-28T15:43:54.460042+00:00,palm-up-down,2,0.094
2,2026-07-28T15:43:54.561876+00:00,palm-up-down,2,0.203
3,2026-07-28T15:43:54.663917+00:00,palm-up-down,2,0.297
4,2026-07-28T15:43:54.765689+00:00,palm-up-down,2,0.406
5,2026-07-28T15:43:54.867744+00:00,palm-up-down,2,0.5
6,2026-07-28T15:43:54.969382+00:00,palm-up-down,2,0.609
7,2026-07-28T15:43:55.071297+00:00,palm-up-down,2,0.703
8,2026-07-28T15:43:55.170801+00:00,palm-up-down,2,0.813
9,2026-07-28T15:43:55.272131+00:00,palm-up-down,2,0.906
10,2026-07-28T15:43:55.373813+00:00,palm-up-down,2,1.016
11,2026-07-28T15:43:55.475950+00:00,palm-up-down,2,1.109
12,2026-07-28T15:43:55.578347+00:00,palm-up-down,2,1.219
13,2026-07-28T15:43:55.680507+00:00,palm-up-down,2,1.313
14,2026-07-28T15:43:55.782341+00:00,palm-up-down,2,1.422
0,2026-07-28T15:43:59.171129+00:00,palm-up-down,3,0.0
1,2026-07-28T15:43:59.273421+00:00,palm-up-down,3,0.093
2,2026-07-28T15:43:59.375261+00:00,palm-up-down,3,0.203
3,2026-07-28T15:43:59.477545+00:00,palm-up-down,3,0.296
4,2026-07-28T15:43:59.579370+00:00,palm-up-down,3,0.406
5,2026-07-28T15:43:59.681526+00:00,palm-up-down,3,0.5
6,2026-07-28T15:43:59.783001+00:00,palm-up-down,3,0.609
7,2026-07-28T15:43:59.885030+00:00,palm-up-down,3,0.703
8,2026-07-28T15:43:59.977368+00:00,palm-up-down,3,0.796
9,2026-07-28T15:44:00.079111+00:00,palm-up-down,3,0.906
10,2026-07-28T15:44:00.182005+00:00,palm-up-down,3,1.0
11,2026-07-28T15:44:00.274839+00:00,palm-up-down,3,1.093
12,2026-07-28T15:44:00.376238+00:00,palm-up-down,3,1.203
13,2026-07-28T15:44:00.477851+00:00,palm-up-down,3,1.296
14,2026-07-28T15:44:00.579220+00:00,palm-up-down,3,1.406
0,2026-07-28T15:44:03.575639+00:00,palm-up-down,4,0.0
1,2026-07-28T15:44:03.661797+00:00,palm-up-down,4,0.094
2,2026-07-28T15:44:03.763550+00:00,palm-up-down,4,0.203
3,2026-07-28T15:44:03.865183+00:00,palm-up-down,4,0.297
4,2026-07-28T15:44:03.967004+00:00,palm-up-down,4,0.406
5,2026-07-28T15:44:04.068874+00:00,palm-up-down,4,0.5
6,2026-07-28T15:44:04.170420+00:00,palm-up-down,4,0.61
7,2026-07-28T15:44:04.272113+00:00,palm-up-down,4,0.703
8,2026-07-28T15:44:04.365872+00:00,palm-up-down,4,0.797
9,2026-07-28T15:44:04.468404+00:00,palm-up-down,4,0.906
10,2026-07-28T15:44:04.572111+00:00,palm-up-down,4,1.0
11,2026-07-28T15:44:04.674081+00:00,palm-up-down,4,1.11
12,2026-07-28T15:44:04.775641+00:00,palm-up-down,4,1.203
13,2026-07-28T15:44:04.877346+00:00,palm-up-down,4,1.313
14,2026-07-28T15:44:04.979609+00:00,palm-up-down,4,1.406
