frame_index,timestamp,gesture,trial,elapsed
0,2026-07-27T13:19:57.450356+00:00,clockwise,0,7.5e-05
1,2026-07-27T13:19:57.555437+00:00,clockwise,0,0.105141
2,2026-07-27T13:19:57.660516+00:00,clockwise,0,0.210223
3,2026-07-27T13:19:57.765625+00:00,clockwise,0,0.315329
4,2026-07-27T13:19:57.870284+00:00,clockwise,0,0.419987
5,2026-07-27T13:19:57.975347+00:00,clockwise,0,0.525039
6,2026-07-27T13:19:58.080412+00:00,clockwise,0,0.630119
7,2026-07-27T13:19:58.185488+00:00,clockwise,0,0.735188
8,2026-07-27T13:19:58.290561+00:00,clockwise,0,0.840271
9,2026-07-27T13:19:58.395640+00:00,clockwise,0,0.94535
10,2026-07-27T13:19:58.497264+00:00,clockwise,0,1.04696
11,2026-07-27T13:19:58.602314+00:00,clockwise,0,1.152001
12,2026-07-27T13:19:58.707371+00:00,clockwise,0,1.257074
13,2026-07-27T13:19:58.812439+00:00,clockwise,0,1.362142
14,2026-07-27T13:19:58.915224+00:00,clockwise,0,1.464943
15,2026-07-27T13:19:59.020316+00:00,clockwise,0,1.570022
16,2026-07-27T13:19:59.123500+00:00,clockwise,0,1.673212
17,2026-07-27T13:19:59.228571+00:00,clockwise,0,1.77827
18,2026-07-27T13:19:59.333649+00:00,clockwise,0,1.883358
19,2026-07-27T13:19:59.438315+00:00,clockwise,0,1.988017
20,2026-07-27T13:19:59.543389+00:00,clockwise,0,2.093092
21,2026-07-27T13:19:59.648459+00:00,clockwise,0,2.198164
22,2026-07-27T13:19:59.751162+00:00,clockwise,0,2.300887
23,2026-07-27T13:19:59.856256+00:00,clockwise,0,2.405965
24,2026-07-27T13:19:59.960124+00:00,clockwise,0,2.509829
25,2026-07-27T13:20:00.065218+00:00,clockwise,0,2.614926
26,2026-07-27T13:20:00.170294+00:00,clockwise,0,2.719994
27,2026-07-27T13:20:00.275374+00:00,clockwise,0,2.825072
28,2026-07-27T13:20:00.380447+00:00,clockwise,0,2.930159
0,2026-07-27T13:20:06.705746+00:00,clockwise,1,4.7e-05
1,2026-07-27T13:20:06.810827+00:00,clockwise,1,0.105131
2,2026-07-27T13:20:06.915928+00:00,clockwise,1,0.210233
3,2026-07-27T13:20:07.018990+00:00,clockwise,1,0.313288
4,2026-07-27T13:20:07.123908+00:00,clockwise,1,0.41821
5,2026-07-27T13:20:07.225548+00:00,clockwise,1,0.519855
6,2026-07-27T13:20:07.327109+00:00,clockwise,1,0.621406
7,2026-07-27T13:20:07.432175+00:00,clockwise,1,0.726469
8,2026-07-27T13:20:07.534367+00:00,clockwise,1,0.828663
9,2026-07-27T13:20:07.636956+00:00,clockwise,1,0.931251
10,2026-07-27T13:20:07.737256+00:00,clockwise,1,1.031543
11,2026-07-27T13:20:07.839335+00:00,clockwise,1,1.13363
12,2026-07-27T13:20:07.944398+00:00,clockwise,1,1.238694
13,2026-07-27T13:20:08.049469+00:00,clockwise,1,1.343772
14,2026-07-27T13:20:08.152793+00:00,clockwise,1,1.447095
15,2026-07-27T13:20:08.257874+00:00,clockwise,1,1.55217
16,2026-07-27T13:20:08.362968+00:00,clockwise,1,1.657275
17,2026-07-27T13:20:08.466303+00:00,clockwise,1,1.760603
18,2026-07-27T13:20:08.571384+00:00,clockwise,1,1.865679
19,2026-07-27T13:20:08.676441+00:00,clockwise,1,1.970739
20,2026-07-27T13:20:08.781511+00:00,clockwise,1,2.075807
21,2026-07-27T13:20:08.886604+00:00,clockwise,1,2.180909
22,2026-07-27T13:20:08.991688+00:00,clockwise,1,2.285978
23,2026-07-27T13:20:09.096756+00:00,clockwise,1,2.391064
24,2026-07-27T13:20:09.201030+00:00,clockwise,1,2.495335
25,2026-07-27T13:20:09.306110+00:00,clockwise,1,2.600411
26,2026-07-27T13:20:09.410654+00:00,clockwise,1,2.704975
27,2026-07-27T13:20:09.515737+00:00,clockwise,1,2.810027
28,2026-07-27T13:20:09.619616+00:00,clockwise,1,2.913933
0,2026-07-27T13:20:28.757757+00:00,clockwise,3,4.8e-05
1,2026-07-27T13:20:28.858841+00:00,clockwise,3,0.10112
2,2026-07-27T13:20:28.963884+00:00,clockwise,3,0.206152
3,2026-07-27T13:20:29.068916+00:00,clockwise,3,0.311184
4,2026-07-27T13:20:29.169040+00:00,clockwise,3,0.411318
5,2026-07-27T13:20:29.274114+00:00,clockwise,3,0.516407
6,2026-07-27T13:20:29.377756+00:00,clockwise,3,0.620053
7,2026-07-27T13:20:29.479740+00:00,clockwise,3,0.722008
8,2026-07-27T13:20:29.584231+00:00,clockwise,3,0.826501
9,2026-07-27T13:20:29.689294+00:00,clockwise,3,0.931592
10,2026-07-27T13:20:29.790152+00:00,clockwise,3,1.032426
11,2026-07-27T13:20:29.891638+00:00,clockwise,3,1.133914
12,2026-07-27T13:20:29.996696+00:00,clockwise,3,1.238977
13,2026-07-27T13:20:30.099873+00:00,clockwise,3,1.342167
14,2026-07-27T13:20:30.204954+00:00,clockwise,3,1.447241
15,2026-07-27T13:20:30.310043+00:00,clockwise,3,1.552337
16,2026-07-27T13:20:30.414137+00:00,clockwise,3,1.65643
17,2026-07-27T13:20:30.517587+00:00,clockwise,3,1.759876
18,2026-07-27T13:20:30.622653+00:00,clockwise,3,1.864934
19,2026-07-27T13:20:30.727724+00:00,clockwise,3,1.970005
20,2026-07-27T13:20:30.832792+00:00,clockwise,3,2.075072
21,2026-07-27T13:20:30.937860+00:00,clockwise,3,2.180147
22,2026-07-27T13:20:31.042942+00:00,clockwise,3,2.285235
23,2026-07-27T13:20:31.148031+00:00,clockwise,3,2.390319
24,2026-07-27T13:20:31.253106+00:00,clockwise,3,2.495394
25,2026-07-27T13:20:31.353479+00:00,clockwise,3,2.595756
26,2026-07-27T13:20:31.455181+00:00,clockwise,3,2.697466
27,2026-07-27T13:20:31.560247+00:00,clockwise,3,2.802526
28,2026-07-27T13:20:31.665299+00:00,clockwise,3,2.907578
0,2026-07-27T13:20:38.735962+00:00,clockwise,4,4.2e-05
1,2026-07-27T13:20:38.841046+00:00,clockwise,4,0.105132
2,2026-07-27T13:20:38.946120+00:00,clockwise,4,0.210202
3,2026-07-27T13:20:39.051200+00:00,clockwise,4,0.315288
4,2026-07-27T13:20:39.155383+00:00,clockwise,4,0.419484
5,2026-07-27T13:20:39.256918+00:00,clockwise,4,0.521007
6,2026-07-27T13:20:39.362004+00:00,clockwise,4,0.626089
7,2026-07-27T13:20:39.467084+00:00,clockwise,4,0.731171
8,2026-07-27T13:20:39.567512+00:00,clockwise,4,0.831593
9,2026-07-27T13:20:39.672587+00:00,clockwise,4,0.936658
10,2026-07-27T13:20:39.777638+00:00,clockwise,4,1.041708
11,2026-07-27T13:20:39.882710+00:00,clockwise,4,1.146785
12,2026-07-27T13:20:39.987777+00:00,clockwise,4,1.251855
13,2026-07-27T13:20:40.092874+00:00,clockwise,4,1.356964
14,2026-07-27T13:20:40.195692+00:00,clockwise,4,1.459773
15,2026-07-27T13:20:40.300770+00:00,clockwise,4,1.564852
16,2026-07-27T13:20:40.404454+00:00,clockwise,4,1.66853
17,2026-07-27T13:20:40.507887+00:00,clockwise,4,1.771969
18,2026-07-27T13:20:40.612623+00:00,clockwise,4,1.876695
19,2026-07-27T13:20:40.717686+00:00,clockwise,4,1.981758
20,2026-07-27T13:20:40.819758+00:00,clockwise,4,2.083825
21,2026-07-27T13:20:40.923361+00:00,clockwise,4,2.187439
22,2026-07-27T13:20:41.028437+00:00,clockwise,4,2.292522
23,2026-07-27T13:20:41.129199+00:00,clockwise,4,2.393309
24,2026-07-27T13:20:41.234299+00:00,clockwise,4,2.498388
25,2026-07-27T13:20:41.339374+00:00,clockwise,4,2.603449
26,2026-07-27T13:20:41.440123+00:00,clockwise,4,2.704209
27,2026-07-27T13:20:41.540978+00:00,clockwise,4,2.805056
28,2026-07-27T13:20:41.646045+00:00,clockwise,4,2.91013
0,2026-07-27T13:20:48.071776+00:00,clockwise,5,5.8e-05
1,2026-07-27T13:20:48.176871+00:00,clockwise,5,0.105144
2,2026-07-27T13:20:48.280830+00:00,clockwise,5,0.209127
3,2026-07-27T13:20:48.384141+00:00,clockwise,5,0.312401
4,2026-07-27T13:20:48.487277+00:00,clockwise,5,0.41556
5,2026-07-27T13:20:48.592362+00:00,clockwise,5,0.52063
6,2026-07-27T13:20:48.697441+00:00,clockwise,5,0.625695
7,2026-07-27T13:20:48.802504+00:00,clockwise,5,0.730773
8,2026-07-27T13:20:48.907576+00:00,clockwise,5,0.835837
9,2026-07-27T13:20:49.012643+00:00,clockwise,5,0.940912
10,2026-07-27T13:20:49.116744+00:00,clockwise,5,1.045028
11,2026-07-27T13:20:49.217462+00:00,clockwise,5,1.145728
12,2026-07-27T13:20:49.322523+00:00,clockwise,5,1.250789
13,2026-07-27T13:20:49.423743+00:00,clockwise,5,1.352
14,2026-07-27T13:20:49.528804+00:00,clockwise,5,1.457073
15,2026-07-27T13:20:49.630152+00:00,clockwise,5,1.558416
16,2026-07-27T13:20:49.734123+00:00,clockwise,5,1.66239
17,2026-07-27T13:20:49.836584+00:00,clockwise,5,1.76485
18,2026-07-27T13:20:49.941662+00:00,clockwise,5,1.869925
19,2026-07-27T13:20:50.042356+00:00,clockwise,5,1.970632
20,2026-07-27T13:20:50.144587+00:00,clockwise,5,2.072846
21,2026-07-27T13:20:50.244737+00:00,clockwise,5,2.173013
22,2026-07-27T13:20:50.348834+00:00,clockwise,5,2.277104
23,2026-07-27T13:20:50.453904+00:00,clockwise,5,2.382167
24,2026-07-27T13:20:50.556250+00:00,clockwise,5,2.484514
25,2026-07-27T13:20:50.657660+00:00,clockwise,5,2.585921
26,2026-07-27T13:20:50.762725+00:00,clockwise,5,2.690985
27,2026-07-27T13:20:50.867186+00:00,clockwise,5,2.795442
28,2026-07-27T13:20:50.972266+00:00,clockwise,5,2.900532
0,2026-07-27T13:20:59.798619+00:00,clockwise,6,2.5e-05
1,2026-07-27T13:20:59.900732+00:00,clockwise,6,0.102144
2,2026-07-27T13:21:00.005796+00:00,clockwise,6,0.207213
3,2026-07-27T13:21:00.108564+00:00,clockwise,6,0.309987
4,2026-07-27T13:21:00.211094+00:00,clockwise,6,0.412506
5,2026-07-27T13:21:00.316165+00:00,clockwise,6,0.517587
6,2026-07-27T13:21:00.417400+00:00,clockwise,6,0.618812
7,2026-07-27T13:21:00.517731+00:00,clockwise,6,0.71916
8,2026-07-27T13:21:00.622812+00:00,clockwise,6,0.824222
9,2026-07-27T13:21:00.726708+00:00,clockwise,6,0.92812
10,2026-07-27T13:21:00.831761+00:00,clockwise,6,1.033156
11,2026-07-27T13:21:00.936798+00:00,clockwise,6,1.138207
12,2026-07-27T13:21:01.041847+00:00,clockwise,6,1.243255
13,2026-07-27T13:21:01.146915+00:00,clockwise,6,1.348343
14,2026-07-27T13:21:01.251988+00:00,clockwise,6,1.453396
15,2026-07-27T13:21:01.354777+00:00,clockwise,6,1.556195
16,2026-07-27T13:21:01.459846+00:00,clockwise,6,1.66126
17,2026-07-27T13:21:01.564937+00:00,clockwise,6,1.766354
18,2026-07-27T13:21:01.670002+00:00,clockwise,6,1.871413
19,2026-07-27T13:21:01.771610+00:00,clockwise,6,1.973011
20,2026-07-27T13:21:01.876671+00:00,clockwise,6,2.078086
21,2026-07-27T13:21:01.981725+00:00,clockwise,6,2.183129
22,2026-07-27T13:21:02.084038+00:00,clockwise,6,2.285458
23,2026-07-27T13:21:02.189126+00:00,clockwise,6,2.390549
24,2026-07-27T13:21:02.291765+00:00,clockwise,6,2.493171
25,2026-07-27T13:21:02.396641+00:00,clockwise,6,2.598063
26,2026-07-27T13:21:02.501725+00:00,clockwise,6,2.703146
27,2026-07-27T13:21:02.606811+00:00,clockwise,6,2.808234
28,2026-07-27T13:21:02.711871+00:00,clockwise,6,2.913273
0,2026-07-27T13:21:08.527842+00:00,clockwise,7,4.1e-05
1,2026-07-27T13:21:08.631627+00:00,clockwise,7,0.103838
2,2026-07-27T13:21:08.735041+00:00,clockwise,7,0.207239
3,2026-07-27T13:21:08.840112+00:00,clockwise,7,0.312313
4,2026-07-27T13:21:08.944168+00:00,clockwise,7,0.416373
5,2026-07-27T13:21:09.046440+00:00,clockwise,7,0.518638
6,2026-07-27T13:21:09.151504+00:00,clockwise,7,0.623701
7,2026-07-27T13:21:09.255759+00:00,clockwise,7,0.727953
8,2026-07-27T13:21:09.360834+00:00,clockwise,7,0.833042
9,2026-07-27T13:21:09.465915+00:00,clockwise,7,0.938117
10,2026-07-27T13:21:09.570977+00:00,clockwise,7,1.043168
11,2026-07-27T13:21:09.673534+00:00,clockwise,7,1.145736
12,2026-07-27T13:21:09.778605+00:00,clockwise,7,1.250803
13,2026-07-27T13:21:09.883684+00:00,clockwise,7,1.355878
14,2026-07-27T13:21:09.988746+00:00,clockwise,7,1.460943
15,2026-07-27T13:21:10.093823+00:00,clockwise,7,1.566034
16,2026-07-27T13:21:10.198419+00:00,clockwise,7,1.670622
17,2026-07-27T13:21:10.303481+00:00,clockwise,7,1.775673
18,2026-07-27T13:21:10.408562+00:00,clockwise,7,1.880763
19,2026-07-27T13:21:10.513636+00:00,clockwise,7,1.985833
20,2026-07-27T13:21:10.618416+00:00,clockwise,7,2.090646
21,2026-07-27T13:21:10.723513+00:00,clockwise,7,2.19571
22,2026-07-27T13:21:10.827408+00:00,clockwise,7,2.299617
23,2026-07-27T13:21:10.932494+00:00,clockwise,7,2.404693
24,2026-07-27T13:21:11.037567+00:00,clockwise,7,2.509764
25,2026-07-27T13:21:11.139799+00:00,clockwise,7,2.611997
26,2026-07-27T13:21:11.244889+00:00,clockwise,7,2.717083
27,2026-07-27T13:21:11.349960+00:00,clockwise,7,2.822167
28,2026-07-27T13:21:11.454340+00:00,clockwise,7,2.926559
0,2026-07-27T13:21:15.794831+00:00,clockwise,8,3.9e-05
1,2026-07-27T13:21:15.896029+00:00,clockwise,8,0.101249
2,2026-07-27T13:21:16.000646+00:00,clockwise,8,0.205856
3,2026-07-27T13:21:16.105708+00:00,clockwise,8,0.310909
4,2026-07-27T13:21:16.210772+00:00,clockwise,8,0.415992
5,2026-07-27T13:21:16.315864+00:00,clockwise,8,0.521071
6,2026-07-27T13:21:16.417363+00:00,clockwise,8,0.622575
7,2026-07-27T13:21:16.522433+00:00,clockwise,8,0.727647
8,2026-07-27T13:21:16.623917+00:00,clockwise,8,0.829127
9,2026-07-27T13:21:16.728979+00:00,clockwise,8,0.934186
10,2026-07-27T13:21:16.834044+00:00,clockwise,8,1.039246
11,2026-07-27T13:21:16.939098+00:00,clockwise,8,1.144297
12,2026-07-27T13:21:17.044164+00:00,clockwise,8,1.249374
13,2026-07-27T13:21:17.148277+00:00,clockwise,8,1.353493
14,2026-07-27T13:21:17.250670+00:00,clockwise,8,1.455884
15,2026-07-27T13:21:17.352196+00:00,clockwise,8,1.55743
16,2026-07-27T13:21:17.457291+00:00,clockwise,8,1.662506
17,2026-07-27T13:21:17.562359+00:00,clockwise,8,1.76756
18,2026-07-27T13:21:17.667416+00:00,clockwise,8,1.872625
19,2026-07-27T13:21:17.770135+00:00,clockwise,8,1.975328
20,2026-07-27T13:21:17.872408+00:00,clockwise,8,2.077617
21,2026-07-27T13:21:17.977467+00:00,clockwise,8,2.18267
22,2026-07-27T13:21:18.082537+00:00,clockwise,8,2.287757
23,2026-07-27T13:21:18.187623+00:00,clockwise,8,2.39284
24,2026-07-27T13:21:18.292694+00:00,clockwise,8,2.497901
25,2026-07-27T13:21:18.397085+00:00,clockwise,8,2.602325
26,2026-07-27T13:21:18.500992+00:00,clockwise,8,2.706203
27,2026-07-27T13:21:18.606055+00:00,clockwise,8,2.81126
28,2026-07-27T13:21:18.711108+00:00,clockwise,8,2.91631
0,2026-07-27T13:21:23.161238+00:00,clockwise,9,4.3e-05
1,2026-07-27T13:21:23.266318+00:00,clockwise,9,0.105129
2,2026-07-27T13:21:23.367293+00:00,clockwise,9,0.206095
3,2026-07-27T13:21:23.472369+00:00,clockwise,9,0.311174
4,2026-07-27T13:21:23.576620+00:00,clockwise,9,0.415417
5,2026-07-27T13:21:23.681693+00:00,clockwise,9,0.520504
6,2026-07-27T13:21:23.784118+00:00,clockwise,9,0.622942
7,2026-07-27T13:21:23.888221+00:00,clockwise,9,0.727012
8,2026-07-27T13:21:23.993274+00:00,clockwise,9,0.832069
9,2026-07-27T13:21:24.098331+00:00,clockwise,9,0.937133
10,2026-07-27T13:21:24.202083+00:00,clockwise,9,1.040917
11,2026-07-27T13:21:24.307193+00:00,clockwise,9,1.145998
12,2026-07-27T13:21:24.411057+00:00,clockwise,9,1.249888
13,2026-07-27T13:21:24.516171+00:00,clockwise,9,1.354967
14,2026-07-27T13:21:24.620045+00:00,clockwise,9,1.458838
15,2026-07-27T13:21:24.723406+00:00,clockwise,9,1.562205
16,2026-07-27T13:21:24.828505+00:00,clockwise,9,1.667307
17,2026-07-27T13:21:24.933578+00:00,clockwise,9,1.772382
18,2026-07-27T13:21:25.033776+00:00,clockwise,9,1.872585
19,2026-07-27T13:21:25.138846+00:00,clockwise,9,1.977647
20,2026-07-27T13:21:25.241249+00:00,clockwise,9,2.080063
21,2026-07-27T13:21:25.346328+00:00,clockwise,9,2.185128
22,2026-07-27T13:21:25.451405+00:00,clockwise,9,2.290218
23,2026-07-27T13:21:25.556490+00:00,clockwise,9,2.395299
24,2026-07-27T13:21:25.659341+00:00,clockwise,9,2.49815
25,2026-07-27T13:21:25.764409+00:00,clockwise,9,2.603205
26,2026-07-27T13:21:25.869461+00:00,clockwise,9,2.708259
27,2026-07-27T13:21:25.974528+00:00,clockwise,9,2.813332
28,2026-07-27T13:21:26.079602+00:00,clockwise,9,2.918408
0,2026-07-27T13:21:30.868265+00:00,clockwise,10,3.7e-05
1,2026-07-27T13:21:30.973356+00:00,clockwise,10,0.10514
2,2026-07-27T13:21:31.074137+00:00,clockwise,10,0.205922
3,2026-07-27T13:21:31.179216+00:00,clockwise,10,0.310991
4,2026-07-27T13:21:31.284173+00:00,clockwise,10,0.415943
5,2026-07-27T13:21:31.384907+00:00,clockwise,10,0.516678
6,2026-07-27T13:21:31.487894+00:00,clockwise,10,0.619665
7,2026-07-27T13:21:31.592956+00:00,clockwise,10,0.724725
8,2026-07-27T13:21:31.698013+00:00,clockwise,10,0.829783
9,2026-07-27T13:21:31.803085+00:00,clockwise,10,0.934849
10,2026-07-27T13:21:31.904664+00:00,clockwise,10,1.036433
11,2026-07-27T13:21:32.009716+00:00,clockwise,10,1.141479
12,2026-07-27T13:21:32.114764+00:00,clockwise,10,1.246526
13,2026-07-27T13:21:32.219830+00:00,clockwise,10,1.35161
14,2026-07-27T13:21:32.324205+00:00,clockwise,10,1.455973
15,2026-07-27T13:21:32.429278+00:00,clockwise,10,1.561061
16,2026-07-27T13:21:32.529746+00:00,clockwise,10,1.661512
17,2026-07-27T13:21:32.634797+00:00,clockwise,10,1.766557
18,2026-07-27T13:21:32.739851+00:00,clockwise,10,1.871622
19,2026-07-27T13:21:32.844903+00:00,clockwise,10,1.976665
20,2026-07-27T13:21:32.949965+00:00,clockwise,10,2.081737
21,2026-07-27T13:21:33.055041+00:00,clockwise,10,2.186821
22,2026-07-27T13:21:33.159376+00:00,clockwise,10,2.291144
23,2026-07-27T13:21:33.260805+00:00,clockwise,10,2.392585
24,2026-07-27T13:21:33.365881+00:00,clockwise,10,2.497656
25,2026-07-27T13:21:33.466837+00:00,clockwise,10,2.598637
26,2026-07-27T13:21:33.571925+00:00,clockwise,10,2.703692
27,2026-07-27T13:21:33.674361+00:00,clockwise,10,2.806126
28,2026-07-27T13:21:33.779422+00:00,clockwise,10,2.911204
0,2026-07-27T13:21:39.524846+00:00,clockwise,11,4.9e-05
1,2026-07-27T13:21:39.629929+00:00,clockwise,11,0.105136
2,2026-07-27T13:21:39.735011+00:00,clockwise,11,0.210212
3,2026-07-27T13:21:39.840079+00:00,clockwise,11,0.315273
4,2026-07-27T13:21:39.941817+00:00,clockwise,11,0.417005
5,2026-07-27T13:21:40.041968+00:00,clockwise,11,0.517169
6,2026-07-27T13:21:40.147051+00:00,clockwise,11,0.622257
7,2026-07-27T13:21:40.248357+00:00,clockwise,11,0.723558
8,2026-07-27T13:21:40.348828+00:00,clockwise,11,0.824018
9,2026-07-27T13:21:40.453885+00:00,clockwise,11,0.929076
10,2026-07-27T13:21:40.558945+00:00,clockwise,11,1.034134
11,2026-07-27T13:21:40.663993+00:00,clockwise,11,1.139176
12,2026-07-27T13:21:40.769048+00:00,clockwise,11,1.244244
13,2026-07-27T13:21:40.869197+00:00,clockwise,11,1.344409
14,2026-07-27T13:21:40.971154+00:00,clockwise,11,1.446365
15,2026-07-27T13:21:41.074466+00:00,clockwise,11,1.549672
16,2026-07-27T13:21:41.179552+00:00,clockwise,11,1.654763
17,2026-07-27T13:21:41.283265+00:00,clockwise,11,1.758472
18,2026-07-27T13:21:41.387496+00:00,clockwise,11,1.862702
19,2026-07-27T13:21:41.492583+00:00,clockwise,11,1.967788
20,2026-07-27T13:21:41.596603+00:00,clockwise,11,2.071805
21,2026-07-27T13:21:41.701675+00:00,clockwise,11,2.176868
22,2026-07-27T13:21:41.804266+00:00,clockwise,11,2.279471
23,2026-07-27T13:21:41.909348+00:00,clockwise,11,2.384551
24,2026-07-27T13:21:42.014436+00:00,clockwise,11,2.48964
25,2026-07-27T13:21:42.119525+00:00,clockwise,11,2.594734
26,2026-07-27T13:21:42.223297+00:00,clockwise,11,2.698488
27,2026-07-27T13:21:42.328367+00:00,clockwise,11,2.803573
28,2026-07-27T13:21:42.433461+00:00,clockwise,11,2.908664
0,2026-07-27T13:21:54.074328+00:00,clockwise,12,3.6e-05
1,2026-07-27T13:21:54.179396+00:00,clockwise,12,0.105109
2,2026-07-27T13:21:54.283804+00:00,clockwise,12,0.209526
3,2026-07-27T13:21:54.388010+00:00,clockwise,12,0.313726
4,2026-07-27T13:21:54.493078+00:00,clockwise,12,0.418789
5,2026-07-27T13:21:54.598148+00:00,clockwise,12,0.523863
6,2026-07-27T13:21:54.703211+00:00,clockwise,12,0.628915
7,2026-07-27T13:21:54.808270+00:00,clockwise,12,0.733977
8,2026-07-27T13:21:54.913341+00:00,clockwise,12,0.83905
9,2026-07-27T13:21:55.017092+00:00,clockwise,12,0.942807
10,2026-07-27T13:21:55.122167+00:00,clockwise,12,1.047874
11,2026-07-27T13:21:55.227243+00:00,clockwise,12,1.152956
12,2026-07-27T13:21:55.332323+00:00,clockwise,12,1.258043
13,2026-07-27T13:21:55.436627+00:00,clockwise,12,1.362344
14,2026-07-27T13:21:55.540529+00:00,clockwise,12,1.466248
15,2026-07-27T13:21:55.644226+00:00,clockwise,12,1.569939
16,2026-07-27T13:21:55.749135+00:00,clockwise,12,1.674839
17,2026-07-27T13:21:55.854135+00:00,clockwise,12,1.779843
18,2026-07-27T13:21:55.959187+00:00,clockwise,12,1.884886
19,2026-07-27T13:21:56.064250+00:00,clockwise,12,1.989966
20,2026-07-27T13:21:56.169318+00:00,clockwise,12,2.095028
21,2026-07-27T13:21:56.269450+00:00,clockwise,12,2.19515
22,2026-07-27T13:21:56.374507+00:00,clockwise,12,2.300224
23,2026-07-27T13:21:56.479582+00:00,clockwise,12,2.405295
24,2026-07-27T13:21:56.583755+00:00,clockwise,12,2.509464
25,2026-07-27T13:21:56.688808+00:00,clockwise,12,2.614509
26,2026-07-27T13:21:56.789189+00:00,clockwise,12,2.714898
27,2026-07-27T13:21:56.891629+00:00,clockwise,12,2.817341
28,2026-07-27T13:21:56.996685+00:00,clockwise,12,2.922385
0,2026-07-27T13:22:05.168785+00:00,clockwise,13,3e-05
1,2026-07-27T13:22:05.273863+00:00,clockwise,13,0.105121
2,2026-07-27T13:22:05.378956+00:00,clockwise,13,0.210214
3,2026-07-27T13:22:05.483694+00:00,clockwise,13,0.314948
4,2026-07-27T13:22:05.588756+00:00,clockwise,13,0.42001
5,2026-07-27T13:22:05.693119+00:00,clockwise,13,0.524368
6,2026-07-27T13:22:05.795217+00:00,clockwise,13,0.626461
7,2026-07-27T13:22:05.900280+00:00,clockwise,13,0.731532
8,2026-07-27T13:22:06.005340+00:00,clockwise,13,0.836582
9,2026-07-27T13:22:06.110410+00:00,clockwise,13,0.941671
10,2026-07-27T13:22:06.215486+00:00,clockwise,13,1.046734
11,2026-07-27T13:22:06.320560+00:00,clockwise,13,1.151813
12,2026-07-27T13:22:06.425635+00:00,clockwise,13,1.256889
13,2026-07-27T13:22:06.526153+00:00,clockwise,13,1.357402
14,2026-07-27T13:22:06.630590+00:00,clockwise,13,1.461841
15,2026-07-27T13:22:06.735662+00:00,clockwise,13,1.566916
16,2026-07-27T13:22:06.840733+00:00,clockwise,13,1.671984
17,2026-07-27T13:22:06.945813+00:00,clockwise,13,1.777058
18,2026-07-27T13:22:07.050716+00:00,clockwise,13,1.881977
19,2026-07-27T13:22:07.155795+00:00,clockwise,13,1.987052
20,2026-07-27T13:22:07.260875+00:00,clockwise,13,2.092131
21,2026-07-27T13:22:07.364492+00:00,clockwise,13,2.195751
22,2026-07-27T13:22:07.469570+00:00,clockwise,13,2.300818
23,2026-07-27T13:22:07.573519+00:00,clockwise,13,2.404774
24,2026-07-27T13:22:07.676805+00:00,clockwise,13,2.508051
25,2026-07-27T13:22:07.781874+00:00,clockwise,13,2.613116
26,2026-07-27T13:22:07.883685+00:00,clockwise,13,2.71494
27,2026-07-27T13:22:07.988746+00:00,clockwise,13,2.819987
28,2026-07-27T13:22:08.089345+00:00,clockwise,13,2.920603
0,2026-07-27T13:22:16.056515+00:00,clockwise,14,4.6e-05
1,2026-07-27T13:22:16.161605+00:00,clockwise,14,0.105142
2,2026-07-27T13:22:16.266702+00:00,clockwise,14,0.210239
3,2026-07-27T13:22:16.371781+00:00,clockwise,14,0.315312
4,2026-07-27T13:22:16.472897+00:00,clockwise,14,0.416439
5,2026-07-27T13:22:16.576026+00:00,clockwise,14,0.519558
6,2026-07-27T13:22:16.679155+00:00,clockwise,14,0.622714
7,2026-07-27T13:22:16.784252+00:00,clockwise,14,0.727775
8,2026-07-27T13:22:16.889319+00:00,clockwise,14,0.832855
9,2026-07-27T13:22:16.994387+00:00,clockwise,14,0.937908
10,2026-07-27T13:22:17.099154+00:00,clockwise,14,1.042682
11,2026-07-27T13:22:17.204232+00:00,clockwise,14,1.147764
12,2026-07-27T13:22:17.309309+00:00,clockwise,14,1.252847
13,2026-07-27T13:22:17.414410+00:00,clockwise,14,1.357949
14,2026-07-27T13:22:17.517754+00:00,clockwise,14,1.461287
15,2026-07-27T13:22:17.622834+00:00,clockwise,14,1.56636
16,2026-07-27T13:22:17.727923+00:00,clockwise,14,1.671446
17,2026-07-27T13:22:17.829653+00:00,clockwise,14,1.773174
18,2026-07-27T13:22:17.933024+00:00,clockwise,14,1.876576
19,2026-07-27T13:22:18.038135+00:00,clockwise,14,1.981661
20,2026-07-27T13:22:18.140459+00:00,clockwise,14,2.083995
21,2026-07-27T13:22:18.245527+00:00,clockwise,14,2.189047
22,2026-07-27T13:22:18.349350+00:00,clockwise,14,2.292874
23,2026-07-27T13:22:18.454421+00:00,clockwise,14,2.397954
24,2026-07-27T13:22:18.559501+00:00,clockwise,14,2.503024
25,2026-07-27T13:22:18.664569+00:00,clockwise,14,2.6081
26,2026-07-27T13:22:18.768951+00:00,clockwise,14,2.712514
27,2026-07-27T13:22:18.874039+00:00,clockwise,14,2.817576
28,2026-07-27T13:22:18.979110+00:00,clockwise,14,2.922634
0,2026-07-27T13:22:25.744409+00:00,anticlockwise,0,5e-05
1,2026-07-27T13:22:25.849494+00:00,anticlockwise,0,0.105137
2,2026-07-27T13:22:25.950264+00:00,anticlockwise,0,0.205907
3,2026-07-27T13:22:26.055367+00:00,anticlockwise,0,0.311013
4,2026-07-27T13:22:26.160449+00:00,anticlockwise,0,0.416083
5,2026-07-27T13:22:26.265513+00:00,anticlockwise,0,0.521139
6,2026-07-27T13:22:26.370571+00:00,anticlockwise,0,0.626202
7,2026-07-27T13:22:26.473515+00:00,anticlockwise,0,0.729149
8,2026-07-27T13:22:26.576373+00:00,anticlockwise,0,0.831997
9,2026-07-27T13:22:26.681427+00:00,anticlockwise,0,0.937057
10,2026-07-27T13:22:26.783784+00:00,anticlockwise,0,1.039419
11,2026-07-27T13:22:26.884560+00:00,anticlockwise,0,1.140179
12,2026-07-27T13:22:26.984935+00:00,anticlockwise,0,1.240569
13,2026-07-27T13:22:27.088692+00:00,anticlockwise,0,1.344336
14,2026-07-27T13:22:27.191452+00:00,anticlockwise,0,1.447092
15,2026-07-27T13:22:27.296522+00:00,anticlockwise,0,1.55215
16,2026-07-27T13:22:27.400250+00:00,anticlockwise,0,1.655882
17,2026-07-27T13:22:27.505314+00:00,anticlockwise,0,1.760941
18,2026-07-27T13:22:27.605907+00:00,anticlockwise,0,1.861528
19,2026-07-27T13:22:27.710963+00:00,anticlockwise,0,1.966591
20,2026-07-27T13:22:27.816012+00:00,anticlockwise,0,2.071633
21,2026-07-27T13:22:27.917603+00:00,anticlockwise,0,2.173235
22,2026-07-27T13:22:28.022671+00:00,anticlockwise,0,2.278307
23,2026-07-27T13:22:28.127733+00:00,anticlockwise,0,2.383359
24,2026-07-27T13:22:28.232591+00:00,anticlockwise,0,2.488234
25,2026-07-27T13:22:28.335558+00:00,anticlockwise,0,2.591184
26,2026-07-27T13:22:28.440623+00:00,anticlockwise,0,2.696261
27,2026-07-27T13:22:28.545686+00:00,anticlockwise,0,2.801308
28,2026-07-27T13:22:28.649088+00:00,anticlockwise,0,2.904708
0,2026-07-27T13:22:31.701564+00:00,anticlockwise,1,4.6e-05
1,2026-07-27T13:22:31.806644+00:00,anticlockwise,1,0.105133
2,2026-07-27T13:22:31.911435+00:00,anticlockwise,1,0.209918
3,2026-07-27T13:22:32.016525+00:00,anticlockwise,1,0.315015
4,2026-07-27T13:22:32.121616+00:00,anticlockwise,1,0.4201
5,2026-07-27T13:22:32.226700+00:00,anticlockwise,1,0.52519
6,2026-07-27T13:22:32.331772+00:00,anticlockwise,1,0.630242
7,2026-07-27T13:22:32.433585+00:00,anticlockwise,1,0.732067
8,2026-07-27T13:22:32.538651+00:00,anticlockwise,1,0.837121
9,2026-07-27T13:22:32.643706+00:00,anticlockwise,1,0.942178
10,2026-07-27T13:22:32.747347+00:00,anticlockwise,1,1.045819
11,2026-07-27T13:22:32.852421+00:00,anticlockwise,1,1.1509
12,2026-07-27T13:22:32.957499+00:00,anticlockwise,1,1.255982
13,2026-07-27T13:22:33.062587+00:00,anticlockwise,1,1.361076
14,2026-07-27T13:22:33.166853+00:00,anticlockwise,1,1.465325
15,2026-07-27T13:22:33.271919+00:00,anticlockwise,1,1.570404
16,2026-07-27T13:22:33.374281+00:00,anticlockwise,1,1.672758
17,2026-07-27T13:22:33.479350+00:00,anticlockwise,1,1.777837
18,2026-07-27T13:22:33.583254+00:00,anticlockwise,1,1.881719
19,2026-07-27T13:22:33.688308+00:00,anticlockwise,1,1.986783
20,2026-07-27T13:22:33.792247+00:00,anticlockwise,1,2.090748
21,2026-07-27T13:22:33.897344+00:00,anticlockwise,1,2.195827
22,2026-07-27T13:22:34.001224+00:00,anticlockwise,1,2.299725
23,2026-07-27T13:22:34.106327+00:00,anticlockwise,1,2.404805
24,2026-07-27T13:22:34.208005+00:00,anticlockwise,1,2.506476
25,2026-07-27T13:22:34.313078+00:00,anticlockwise,1,2.611565
26,2026-07-27T13:22:34.416553+00:00,anticlockwise,1,2.715036
27,2026-07-27T13:22:34.516885+00:00,anticlockwise,1,2.815373
28,2026-07-27T13:22:34.621952+00:00,anticlockwise,1,2.92042
0,2026-07-27T13:22:40.300861+00:00,anticlockwise,2,4.4e-05
1,2026-07-27T13:22:40.405944+00:00,anticlockwise,2,0.105135
2,2026-07-27T13:22:40.511030+00:00,anticlockwise,2,0.210215
3,2026-07-27T13:22:40.616105+00:00,anticlockwise,2,0.315283
4,2026-07-27T13:22:40.721175+00:00,anticlockwise,2,0.420356
5,2026-07-27T13:22:40.823559+00:00,anticlockwise,2,0.522728
6,2026-07-27T13:22:40.928615+00:00,anticlockwise,2,0.627795
7,2026-07-27T13:22:41.033494+00:00,anticlockwise,2,0.732687
8,2026-07-27T13:22:41.138567+00:00,anticlockwise,2,0.837741
9,2026-07-27T13:22:41.241371+00:00,anticlockwise,2,0.940561
10,2026-07-27T13:22:41.342642+00:00,anticlockwise,2,1.041812
11,2026-07-27T13:22:41.447715+00:00,anticlockwise,2,1.146901
12,2026-07-27T13:22:41.552791+00:00,anticlockwise,2,1.251978
13,2026-07-27T13:22:41.657863+00:00,anticlockwise,2,1.357038
14,2026-07-27T13:22:41.762910+00:00,anticlockwise,2,1.462091
15,2026-07-27T13:22:41.866836+00:00,anticlockwise,2,1.566011
16,2026-07-27T13:22:41.971908+00:00,anticlockwise,2,1.67109
17,2026-07-27T13:22:42.073965+00:00,anticlockwise,2,1.773155
18,2026-07-27T13:22:42.179037+00:00,anticlockwise,2,1.87822
19,2026-07-27T13:22:42.284121+00:00,anticlockwise,2,1.983318
20,2026-07-27T13:22:42.389213+00:00,anticlockwise,2,2.088401
21,2026-07-27T13:22:42.494294+00:00,anticlockwise,2,2.19348
22,2026-07-27T13:22:42.599376+00:00,anticlockwise,2,2.298558
23,2026-07-27T13:22:42.704286+00:00,anticlockwise,2,2.403459
24,2026-07-27T13:22:42.809342+00:00,anticlockwise,2,2.508516
25,2026-07-27T13:22:42.911535+00:00,anticlockwise,2,2.610713
26,2026-07-27T13:22:43.016606+00:00,anticlockwise,2,2.715794
27,2026-07-27T13:22:43.121687+00:00,anticlockwise,2,2.820871
28,2026-07-27T13:22:43.226762+00:00,anticlockwise,2,2.925944
0,2026-07-27T13:22:47.272848+00:00,anticlockwise,3,4.2e-05
1,2026-07-27T13:22:47.377927+00:00,anticlockwise,3,0.105131
2,2026-07-27T13:22:47.478624+00:00,anticlockwise,3,0.20582
3,2026-07-27T13:22:47.583693+00:00,anticlockwise,3,0.310885
4,2026-07-27T13:22:47.688755+00:00,anticlockwise,3,0.415941
5,2026-07-27T13:22:47.793814+00:00,anticlockwise,3,0.521028
6,2026-07-27T13:22:47.898715+00:00,anticlockwise,3,0.625899
7,2026-07-27T13:22:48.002843+00:00,anticlockwise,3,0.730028
8,2026-07-27T13:22:48.107906+00:00,anticlockwise,3,0.835098
9,2026-07-27T13:22:48.211829+00:00,anticlockwise,3,0.939041
10,2026-07-27T13:22:48.312627+00:00,anticlockwise,3,1.039809
11,2026-07-27T13:22:48.417697+00:00,anticlockwise,3,1.144893
12,2026-07-27T13:22:48.522772+00:00,anticlockwise,3,1.249969
13,2026-07-27T13:22:48.627847+00:00,anticlockwise,3,1.355044
14,2026-07-27T13:22:48.729882+00:00,anticlockwise,3,1.457072
15,2026-07-27T13:22:48.834946+00:00,anticlockwise,3,1.562136
16,2026-07-27T13:22:48.940010+00:00,anticlockwise,3,1.667197
17,2026-07-27T13:22:49.045080+00:00,anticlockwise,3,1.772282
18,2026-07-27T13:22:49.149077+00:00,anticlockwise,3,1.876273
19,2026-07-27T13:22:49.250133+00:00,anticlockwise,3,1.97733
20,2026-07-27T13:22:49.354650+00:00,anticlockwise,3,2.08184
21,2026-07-27T13:22:49.459709+00:00,anticlockwise,3,2.186897
22,2026-07-27T13:22:49.564766+00:00,anticlockwise,3,2.291957
23,2026-07-27T13:22:49.669583+00:00,anticlockwise,3,2.396768
24,2026-07-27T13:22:49.774182+00:00,anticlockwise,3,2.501384
25,2026-07-27T13:22:49.879255+00:00,anticlockwise,3,2.606447
26,2026-07-27T13:22:49.984322+00:00,anticlockwise,3,2.711509
27,2026-07-27T13:22:50.089345+00:00,anticlockwise,3,2.816543
28,2026-07-27T13:22:50.190477+00:00,anticlockwise,3,2.917666
0,2026-07-27T13:22:54.433482+00:00,anticlockwise,4,4.7e-05
1,2026-07-27T13:22:54.538560+00:00,anticlockwise,4,0.105129
2,2026-07-27T13:22:54.643635+00:00,anticlockwise,4,0.210194
3,2026-07-27T13:22:54.748689+00:00,anticlockwise,4,0.31524
4,2026-07-27T13:22:54.852752+00:00,anticlockwise,4,0.419334
5,2026-07-27T13:22:54.957831+00:00,anticlockwise,4,0.524381
6,2026-07-27T13:22:55.062894+00:00,anticlockwise,4,0.629464
7,2026-07-27T13:22:55.166739+00:00,anticlockwise,4,0.733291
8,2026-07-27T13:22:55.270706+00:00,anticlockwise,4,0.837272
9,2026-07-27T13:22:55.375787+00:00,anticlockwise,4,0.942348
10,2026-07-27T13:22:55.479670+00:00,anticlockwise,4,1.046221
11,2026-07-27T13:22:55.584757+00:00,anticlockwise,4,1.15132
12,2026-07-27T13:22:55.689833+00:00,anticlockwise,4,1.256395
13,2026-07-27T13:22:55.794935+00:00,anticlockwise,4,1.361499
14,2026-07-27T13:22:55.900003+00:00,anticlockwise,4,1.466556
15,2026-07-27T13:22:56.005050+00:00,anticlockwise,4,1.5716
16,2026-07-27T13:22:56.110119+00:00,anticlockwise,4,1.676689
17,2026-07-27T13:22:56.214332+00:00,anticlockwise,4,1.780889
18,2026-07-27T13:22:56.315589+00:00,anticlockwise,4,1.882171
19,2026-07-27T13:22:56.416747+00:00,anticlockwise,4,1.983302
20,2026-07-27T13:22:56.516936+00:00,anticlockwise,4,2.083487
21,2026-07-27T13:22:56.621985+00:00,anticlockwise,4,2.188537
22,2026-07-27T13:22:56.727037+00:00,anticlockwise,4,2.293589
23,2026-07-27T13:22:56.832096+00:00,anticlockwise,4,2.398649
24,2026-07-27T13:22:56.933990+00:00,anticlockwise,4,2.500542
25,2026-07-27T13:22:57.035428+00:00,anticlockwise,4,2.601995
26,2026-07-27T13:22:57.135948+00:00,anticlockwise,4,2.702517
27,2026-07-27T13:22:57.241054+00:00,anticlockwise,4,2.807617
28,2026-07-27T13:22:57.342493+00:00,anticlockwise,4,2.909057
0,2026-07-27T13:23:01.319798+00:00,anticlockwise,5,4.5e-05
1,2026-07-27T13:23:01.424880+00:00,anticlockwise,5,0.105132
2,2026-07-27T13:23:01.528669+00:00,anticlockwise,5,0.208916
3,2026-07-27T13:23:01.632959+00:00,anticlockwise,5,0.313226
4,2026-07-27T13:23:01.738039+00:00,anticlockwise,5,0.418274
5,2026-07-27T13:23:01.839340+00:00,anticlockwise,5,0.519586
6,2026-07-27T13:23:01.944417+00:00,anticlockwise,5,0.624654
7,2026-07-27T13:23:02.049495+00:00,anticlockwise,5,0.72974
8,2026-07-27T13:23:02.154570+00:00,anticlockwise,5,0.834812
9,2026-07-27T13:23:02.259636+00:00,anticlockwise,5,0.939875
10,2026-07-27T13:23:02.364448+00:00,anticlockwise,5,1.04468
11,2026-07-27T13:23:02.469512+00:00,anticlockwise,5,1.149759
12,2026-07-27T13:23:02.573257+00:00,anticlockwise,5,1.253501
13,2026-07-27T13:23:02.677850+00:00,anticlockwise,5,1.358086
14,2026-07-27T13:23:02.782912+00:00,anticlockwise,5,1.46315
15,2026-07-27T13:23:02.884370+00:00,anticlockwise,5,1.564607
16,2026-07-27T13:23:02.989425+00:00,anticlockwise,5,1.669658
17,2026-07-27T13:23:03.094492+00:00,anticlockwise,5,1.774743
18,2026-07-27T13:23:03.199562+00:00,anticlockwise,5,1.8798
19,2026-07-27T13:23:03.300057+00:00,anticlockwise,5,1.980304
20,2026-07-27T13:23:03.405150+00:00,anticlockwise,5,2.085391
21,2026-07-27T13:23:03.510232+00:00,anticlockwise,5,2.190473
22,2026-07-27T13:23:03.615298+00:00,anticlockwise,5,2.29554
23,2026-07-27T13:23:03.720357+00:00,anticlockwise,5,2.400588
24,2026-07-27T13:23:03.823747+00:00,anticlockwise,5,2.503995
25,2026-07-27T13:23:03.928815+00:00,anticlockwise,5,2.60905
26,2026-07-27T13:23:04.031104+00:00,anticlockwise,5,2.711344
27,2026-07-27T13:23:04.136171+00:00,anticlockwise,5,2.816406
28,2026-07-27T13:23:04.240453+00:00,anticlockwise,5,2.920689
0,2026-07-27T13:23:08.566564+00:00,anticlockwise,6,3.2e-05
1,2026-07-27T13:23:08.668630+00:00,anticlockwise,6,0.102112
2,2026-07-27T13:23:08.771897+00:00,anticlockwise,6,0.205371
3,2026-07-27T13:23:08.873849+00:00,anticlockwise,6,0.307329
4,2026-07-27T13:23:08.978916+00:00,anticlockwise,6,0.412383
5,2026-07-27T13:23:09.079894+00:00,anticlockwise,6,0.513378
6,2026-07-27T13:23:09.184972+00:00,anticlockwise,6,0.618448
7,2026-07-27T13:23:09.290039+00:00,anticlockwise,6,0.723507
8,2026-07-27T13:23:09.395113+00:00,anticlockwise,6,0.828593
9,2026-07-27T13:23:09.500182+00:00,anticlockwise,6,0.933651
10,2026-07-27T13:23:09.605242+00:00,anticlockwise,6,1.038716
11,2026-07-27T13:23:09.710308+00:00,anticlockwise,6,1.143778
12,2026-07-27T13:23:09.815368+00:00,anticlockwise,6,1.248837
13,2026-07-27T13:23:09.916661+00:00,anticlockwise,6,1.350133
14,2026-07-27T13:23:10.021728+00:00,anticlockwise,6,1.4552
15,2026-07-27T13:23:10.124507+00:00,anticlockwise,6,1.557967
16,2026-07-27T13:23:10.229554+00:00,anticlockwise,6,1.663017
17,2026-07-27T13:23:10.332139+00:00,anticlockwise,6,1.765613
18,2026-07-27T13:23:10.433366+00:00,anticlockwise,6,1.866846
19,2026-07-27T13:23:10.538437+00:00,anticlockwise,6,1.971907
20,2026-07-27T13:23:10.640163+00:00,anticlockwise,6,2.073639
21,2026-07-27T13:23:10.745234+00:00,anticlockwise,6,2.178705
22,2026-07-27T13:23:10.850301+00:00,anticlockwise,6,2.283773
23,2026-07-27T13:23:10.955375+00:00,anticlockwise,6,2.388851
24,2026-07-27T13:23:11.060443+00:00,anticlockwise,6,2.493914
25,2026-07-27T13:23:11.165503+00:00,anticlockwise,6,2.59897
26,2026-07-27T13:23:11.269246+00:00,anticlockwise,6,2.70275
27,2026-07-27T13:23:11.374348+00:00,anticlockwise,6,2.807824
28,2026-07-27T13:23:11.479422+00:00,anticlockwise,6,2.912897
0,2026-07-27T13:23:16.314281+00:00,anticlockwise,7,4.2e-05
1,2026-07-27T13:23:16.419358+00:00,anticlockwise,7,0.105128
2,2026-07-27T13:23:16.522091+00:00,anticlockwise,7,0.207857
3,2026-07-27T13:23:16.623575+00:00,anticlockwise,7,0.30933
4,2026-07-27T13:23:16.723806+00:00,anticlockwise,7,0.409558
5,2026-07-27T13:23:16.823989+00:00,anticlockwise,7,0.50974
6,2026-07-27T13:23:16.924893+00:00,anticlockwise,7,0.610651
7,2026-07-27T13:23:17.025311+00:00,anticlockwise,7,0.711077
8,2026-07-27T13:23:17.130388+00:00,anticlockwise,7,0.816151
9,2026-07-27T13:23:17.235423+00:00,anticlockwise,7,0.921175
10,2026-07-27T13:23:17.340439+00:00,anticlockwise,7,1.026189
11,2026-07-27T13:23:17.445488+00:00,anticlockwise,7,1.131234
12,2026-07-27T13:23:17.550547+00:00,anticlockwise,7,1.236306
13,2026-07-27T13:23:17.653176+00:00,anticlockwise,7,1.338935
14,2026-07-27T13:23:17.758240+00:00,anticlockwise,7,1.443989
15,2026-07-27T13:23:17.863300+00:00,anticlockwise,7,1.549057
16,2026-07-27T13:23:17.968353+00:00,anticlockwise,7,1.654102
17,2026-07-27T13:23:18.072715+00:00,anticlockwise,7,1.758486
18,2026-07-27T13:23:18.177804+00:00,anticlockwise,7,1.863569
19,2026-07-27T13:23:18.281676+00:00,anticlockwise,7,1.967432
20,2026-07-27T13:23:18.386741+00:00,anticlockwise,7,2.072504
21,2026-07-27T13:23:18.490645+00:00,anticlockwise,7,2.176433
22,2026-07-27T13:23:18.595759+00:00,anticlockwise,7,2.281515
23,2026-07-27T13:23:18.699618+00:00,anticlockwise,7,2.3854
24,2026-07-27T13:23:18.804700+00:00,anticlockwise,7,2.490449
25,2026-07-27T13:23:18.909765+00:00,anticlockwise,7,2.595531
26,2026-07-27T13:23:19.014837+00:00,anticlockwise,7,2.700594
27,2026-07-27T13:23:19.119901+00:00,anticlockwise,7,2.805661
28,2026-07-27T13:23:19.224477+00:00,anticlockwise,7,2.910243
0,2026-07-27T13:23:23.365877+00:00,anticlockwise,8,3.6e-05
1,2026-07-27T13:23:23.470974+00:00,anticlockwise,8,0.105144
2,2026-07-27T13:23:23.573987+00:00,anticlockwise,8,0.20815
3,2026-07-27T13:23:23.675298+00:00,anticlockwise,8,0.309466
4,2026-07-27T13:23:23.776339+00:00,anticlockwise,8,0.410494
5,2026-07-27T13:23:23.877656+00:00,anticlockwise,8,0.511811
6,2026-07-27T13:23:23.982709+00:00,anticlockwise,8,0.616861
7,2026-07-27T13:23:24.087781+00:00,anticlockwise,8,0.721947
8,2026-07-27T13:23:24.192858+00:00,anticlockwise,8,0.827024
9,2026-07-27T13:23:24.297945+00:00,anticlockwise,8,0.932118
10,2026-07-27T13:23:24.403029+00:00,anticlockwise,8,1.037197
11,2026-07-27T13:23:24.504617+00:00,anticlockwise,8,1.1388
12,2026-07-27T13:23:24.608890+00:00,anticlockwise,8,1.243049
13,2026-07-27T13:23:24.713585+00:00,anticlockwise,8,1.347749
14,2026-07-27T13:23:24.818638+00:00,anticlockwise,8,1.452788
15,2026-07-27T13:23:24.923702+00:00,anticlockwise,8,1.557867
16,2026-07-27T13:23:25.028785+00:00,anticlockwise,8,1.662953
17,2026-07-27T13:23:25.133224+00:00,anticlockwise,8,1.767371
18,2026-07-27T13:23:25.238263+00:00,anticlockwise,8,1.872411
19,2026-07-27T13:23:25.343325+00:00,anticlockwise,8,1.977494
20,2026-07-27T13:23:25.448414+00:00,anticlockwise,8,2.082587
21,2026-07-27T13:23:25.549517+00:00,anticlockwise,8,2.183673
22,2026-07-27T13:23:25.654571+00:00,anticlockwise,8,2.288732
23,2026-07-27T13:23:25.759635+00:00,anticlockwise,8,2.393793
24,2026-07-27T13:23:25.862532+00:00,anticlockwise,8,2.496684
25,2026-07-27T13:23:25.967586+00:00,anticlockwise,8,2.601749
26,2026-07-27T13:23:26.071037+00:00,anticlockwise,8,2.705205
27,2026-07-27T13:23:26.173466+00:00,anticlockwise,8,2.807633
28,2026-07-27T13:23:26.278523+00:00,anticlockwise,8,2.912673
0,2026-07-27T13:23:34.018852+00:00,anticlockwise,9,4.2e-05
1,2026-07-27T13:23:34.123930+00:00,anticlockwise,9,0.10513
2,2026-07-27T13:23:34.229019+00:00,anticlockwise,9,0.210214
3,2026-07-27T13:23:34.333208+00:00,anticlockwise,9,0.314397
4,2026-07-27T13:23:34.434186+00:00,anticlockwise,9,0.415379
5,2026-07-27T13:23:34.535626+00:00,anticlockwise,9,0.516846
6,2026-07-27T13:23:34.640721+00:00,anticlockwise,9,0.621908
7,2026-07-27T13:23:34.745788+00:00,anticlockwise,9,0.726975
8,2026-07-27T13:23:34.850860+00:00,anticlockwise,9,0.83204
9,2026-07-27T13:23:34.953577+00:00,anticlockwise,9,0.934785
10,2026-07-27T13:23:35.058661+00:00,anticlockwise,9,1.039845
11,2026-07-27T13:23:35.162569+00:00,anticlockwise,9,1.143752
12,2026-07-27T13:23:35.267627+00:00,anticlockwise,9,1.248814
13,2026-07-27T13:23:35.372700+00:00,anticlockwise,9,1.353888
14,2026-07-27T13:23:35.477797+00:00,anticlockwise,9,1.458993
15,2026-07-27T13:23:35.582872+00:00,anticlockwise,9,1.564056
16,2026-07-27T13:23:35.683190+00:00,anticlockwise,9,1.664379
17,2026-07-27T13:23:35.788255+00:00,anticlockwise,9,1.769442
18,2026-07-27T13:23:35.893317+00:00,anticlockwise,9,1.874501
19,2026-07-27T13:23:35.998374+00:00,anticlockwise,9,1.979558
20,2026-07-27T13:23:36.103435+00:00,anticlockwise,9,2.084622
21,2026-07-27T13:23:36.204469+00:00,anticlockwise,9,2.185665
22,2026-07-27T13:23:36.309535+00:00,anticlockwise,9,2.290715
23,2026-07-27T13:23:36.414597+00:00,anticlockwise,9,2.395775
24,2026-07-27T13:23:36.517743+00:00,anticlockwise,9,2.498938
25,2026-07-27T13:23:36.622817+00:00,anticlockwise,9,2.604003
26,2026-07-27T13:23:36.727888+00:00,anticlockwise,9,2.709075
27,2026-07-27T13:23:36.832948+00:00,anticlockwise,9,2.814123
28,2026-07-27T13:23:36.934542+00:00,anticlockwise,9,2.915725
0,2026-07-27T13:23:43.198460+00:00,anticlockwise,10,4.8e-05
1,2026-07-27T13:23:43.299836+00:00,anticlockwise,10,0.101429
2,2026-07-27T13:23:43.404923+00:00,anticlockwise,10,0.206508
3,2026-07-27T13:23:43.510000+00:00,anticlockwise,10,0.311581
4,2026-07-27T13:23:43.615061+00:00,anticlockwise,10,0.416637
5,2026-07-27T13:23:43.720128+00:00,anticlockwise,10,0.521708
6,2026-07-27T13:23:43.823274+00:00,anticlockwise,10,0.624845
7,2026-07-27T13:23:43.928324+00:00,anticlockwise,10,0.729895
8,2026-07-27T13:23:44.033138+00:00,anticlockwise,10,0.834723
9,2026-07-27T13:23:44.138230+00:00,anticlockwise,10,0.939814
10,2026-07-27T13:23:44.243304+00:00,anticlockwise,10,1.044887
11,2026-07-27T13:23:44.348375+00:00,anticlockwise,10,1.149944
12,2026-07-27T13:23:44.453423+00:00,anticlockwise,10,1.255
13,2026-07-27T13:23:44.554996+00:00,anticlockwise,10,1.356584
14,2026-07-27T13:23:44.660068+00:00,anticlockwise,10,1.461641
15,2026-07-27T13:23:44.765128+00:00,anticlockwise,10,1.566703
16,2026-07-27T13:23:44.868497+00:00,anticlockwise,10,1.670069
17,2026-07-27T13:23:44.973552+00:00,anticlockwise,10,1.775128
18,2026-07-27T13:23:45.077480+00:00,anticlockwise,10,1.87909
19,2026-07-27T13:23:45.182593+00:00,anticlockwise,10,1.984168
20,2026-07-27T13:23:45.287664+00:00,anticlockwise,10,2.089243
21,2026-07-27T13:23:45.392727+00:00,anticlockwise,10,2.1943
22,2026-07-27T13:23:45.497790+00:00,anticlockwise,10,2.299375
23,2026-07-27T13:23:45.599128+00:00,anticlockwise,10,2.400701
24,2026-07-27T13:23:45.699768+00:00,anticlockwise,10,2.501336
25,2026-07-27T13:23:45.804828+00:00,anticlockwise,10,2.606404
26,2026-07-27T13:23:45.905522+00:00,anticlockwise,10,2.707094
27,2026-07-27T13:23:46.006268+00:00,anticlockwise,10,2.807869
28,2026-07-27T13:23:46.111361+00:00,anticlockwise,10,2.912942
0,2026-07-27T13:23:51.613024+00:00,anticlockwise,11,3.9e-05
1,2026-07-27T13:23:51.718099+00:00,anticlockwise,11,0.105124
2,2026-07-27T13:23:51.823202+00:00,anticlockwise,11,0.210223
3,2026-07-27T13:23:51.927347+00:00,anticlockwise,11,0.314381
4,2026-07-27T13:23:52.032440+00:00,anticlockwise,11,0.419463
5,2026-07-27T13:23:52.136347+00:00,anticlockwise,11,0.523369
6,2026-07-27T13:23:52.241446+00:00,anticlockwise,11,0.628466
7,2026-07-27T13:23:52.346517+00:00,anticlockwise,11,0.733528
8,2026-07-27T13:23:52.449768+00:00,anticlockwise,11,0.836783
9,2026-07-27T13:23:52.554309+00:00,anticlockwise,11,0.941343
10,2026-07-27T13:23:52.659397+00:00,anticlockwise,11,1.046402
11,2026-07-27T13:23:52.764467+00:00,anticlockwise,11,1.151484
12,2026-07-27T13:23:52.867429+00:00,anticlockwise,11,1.254447
13,2026-07-27T13:23:52.972493+00:00,anticlockwise,11,1.359504
14,2026-07-27T13:23:53.073732+00:00,anticlockwise,11,1.460754
15,2026-07-27T13:23:53.178380+00:00,anticlockwise,11,1.565404
16,2026-07-27T13:23:53.282651+00:00,anticlockwise,11,1.669667
17,2026-07-27T13:23:53.387743+00:00,anticlockwise,11,1.774755
18,2026-07-27T13:23:53.492796+00:00,anticlockwise,11,1.879804
19,2026-07-27T13:23:53.597852+00:00,anticlockwise,11,1.984864
20,2026-07-27T13:23:53.702909+00:00,anticlockwise,11,2.089917
21,2026-07-27T13:23:53.804233+00:00,anticlockwise,11,2.191248
22,2026-07-27T13:23:53.909292+00:00,anticlockwise,11,2.296302
23,2026-07-27T13:23:54.014359+00:00,anticlockwise,11,2.401378
24,2026-07-27T13:23:54.119441+00:00,anticlockwise,11,2.50645
25,2026-07-27T13:23:54.222591+00:00,anticlockwise,11,2.609607
26,2026-07-27T13:23:54.324272+00:00,anticlockwise,11,2.711295
27,2026-07-27T13:23:54.429348+00:00,anticlockwise,11,2.816359
28,2026-07-27T13:23:54.533095+00:00,anticlockwise,11,2.920114
0,2026-07-27T13:23:58.426475+00:00,anticlockwise,12,4.1e-05
1,2026-07-27T13:23:58.531554+00:00,anticlockwise,12,0.105129
2,2026-07-27T13:23:58.633086+00:00,anticlockwise,12,0.206652
3,2026-07-27T13:23:58.738145+00:00,anticlockwise,12,0.311705
4,2026-07-27T13:23:58.843218+00:00,anticlockwise,12,0.416785
5,2026-07-27T13:23:58.948291+00:00,anticlockwise,12,0.521854
6,2026-07-27T13:23:59.049732+00:00,anticlockwise,12,0.623305
7,2026-07-27T13:23:59.154811+00:00,anticlockwise,12,0.728375
8,2026-07-27T13:23:59.259880+00:00,anticlockwise,12,0.833442
9,2026-07-27T13:23:59.364950+00:00,anticlockwise,12,0.938526
10,2026-07-27T13:23:59.466408+00:00,anticlockwise,12,1.039968
11,2026-07-27T13:23:59.566721+00:00,anticlockwise,12,1.140312
12,2026-07-27T13:23:59.671813+00:00,anticlockwise,12,1.245378
13,2026-07-27T13:23:59.776868+00:00,anticlockwise,12,1.350421
14,2026-07-27T13:23:59.881916+00:00,anticlockwise,12,1.455474
15,2026-07-27T13:23:59.984664+00:00,anticlockwise,12,1.558214
16,2026-07-27T13:24:00.089348+00:00,anticlockwise,12,1.662925
17,2026-07-27T13:24:00.194446+00:00,anticlockwise,12,1.768008
18,2026-07-27T13:24:00.299519+00:00,anticlockwise,12,1.873081
19,2026-07-27T13:24:00.399726+00:00,anticlockwise,12,1.973296
20,2026-07-27T13:24:00.504791+00:00,anticlockwise,12,2.07835
21,2026-07-27T13:24:00.609851+00:00,anticlockwise,12,2.183414
22,2026-07-27T13:24:00.714335+00:00,anticlockwise,12,2.287894
23,2026-07-27T13:24:00.819406+00:00,anticlockwise,12,2.39296
24,2026-07-27T13:24:00.924471+00:00,anticlockwise,12,2.498029
25,2026-07-27T13:24:01.026327+00:00,anticlockwise,12,2.599895
26,2026-07-27T13:24:01.129353+00:00,anticlockwise,12,2.702927
27,2026-07-27T13:24:01.232901+00:00,anticlockwise,12,2.806461
28,2026-07-27T13:24:01.333885+00:00,anticlockwise,12,2.907452
0,2026-07-27T13:24:04.643415+00:00,anticlockwise,13,3.7e-05
1,2026-07-27T13:24:04.748487+00:00,anticlockwise,13,0.105118
2,2026-07-27T13:24:04.853567+00:00,anticlockwise,13,0.210192
3,2026-07-27T13:24:04.953740+00:00,anticlockwise,13,0.310383
4,2026-07-27T13:24:05.057301+00:00,anticlockwise,13,0.413929
5,2026-07-27T13:24:05.162384+00:00,anticlockwise,13,0.519015
6,2026-07-27T13:24:05.267469+00:00,anticlockwise,13,0.624095
7,2026-07-27T13:24:05.368307+00:00,anticlockwise,13,0.724935
8,2026-07-27T13:24:05.473380+00:00,anticlockwise,13,0.830008
9,2026-07-27T13:24:05.578453+00:00,anticlockwise,13,0.93508
10,2026-07-27T13:24:05.681025+00:00,anticlockwise,13,1.037633
11,2026-07-27T13:24:05.786063+00:00,anticlockwise,13,1.142673
12,2026-07-27T13:24:05.887385+00:00,anticlockwise,13,1.244017
13,2026-07-27T13:24:05.992460+00:00,anticlockwise,13,1.349083
14,2026-07-27T13:24:06.097542+00:00,anticlockwise,13,1.454174
15,2026-07-27T13:24:06.202647+00:00,anticlockwise,13,1.559282
16,2026-07-27T13:24:06.304135+00:00,anticlockwise,13,1.66075
17,2026-07-27T13:24:06.409188+00:00,anticlockwise,13,1.765809
18,2026-07-27T13:24:06.514256+00:00,anticlockwise,13,1.870886
19,2026-07-27T13:24:06.619328+00:00,anticlockwise,13,1.975952
20,2026-07-27T13:24:06.724403+00:00,anticlockwise,13,2.081021
21,2026-07-27T13:24:06.826603+00:00,anticlockwise,13,2.183222
22,2026-07-27T13:24:06.927428+00:00,anticlockwise,13,2.284044
23,2026-07-27T13:24:07.027598+00:00,anticlockwise,13,2.384216
24,2026-07-27T13:24:07.128912+00:00,anticlockwise,13,2.485537
25,2026-07-27T13:24:07.233984+00:00,anticlockwise,13,2.590612
26,2026-07-27T13:24:07.339062+00:00,anticlockwise,13,2.695692
27,2026-07-27T13:24:07.444151+00:00,anticlockwise,13,2.800772
28,2026-07-27T13:24:07.548342+00:00,anticlockwise,13,2.904956
0,2026-07-27T13:24:18.606273+00:00,anticlockwise,14,4e-05
1,2026-07-27T13:24:18.711349+00:00,anticlockwise,14,0.105126
2,2026-07-27T13:24:18.812456+00:00,anticlockwise,14,0.206228
3,2026-07-27T13:24:18.916306+00:00,anticlockwise,14,0.310084
4,2026-07-27T13:24:19.021387+00:00,anticlockwise,14,0.415161
5,2026-07-27T13:24:19.126469+00:00,anticlockwise,14,0.520248
6,2026-07-27T13:24:19.228060+00:00,anticlockwise,14,0.621831
7,2026-07-27T13:24:19.332965+00:00,anticlockwise,14,0.726729
8,2026-07-27T13:24:19.434273+00:00,anticlockwise,14,0.828044
9,2026-07-27T13:24:19.539344+00:00,anticlockwise,14,0.933111
10,2026-07-27T13:24:19.641724+00:00,anticlockwise,14,1.03549
11,2026-07-27T13:24:19.746788+00:00,anticlockwise,14,1.140555
12,2026-07-27T13:24:19.851864+00:00,anticlockwise,14,1.245624
13,2026-07-27T13:24:19.953823+00:00,anticlockwise,14,1.347611
14,2026-07-27T13:24:20.058919+00:00,anticlockwise,14,1.452694
15,2026-07-27T13:24:20.162809+00:00,anticlockwise,14,1.556569
16,2026-07-27T13:24:20.267856+00:00,anticlockwise,14,1.661615
17,2026-07-27T13:24:20.372926+00:00,anticlockwise,14,1.766699
18,2026-07-27T13:24:20.473371+00:00,anticlockwise,14,1.867138
19,2026-07-27T13:24:20.578427+00:00,anticlockwise,14,1.97219
20,2026-07-27T13:24:20.683483+00:00,anticlockwise,14,2.077248
21,2026-07-27T13:24:20.788537+00:00,anticlockwise,14,2.182297
22,2026-07-27T13:24:20.893592+00:00,anticlockwise,14,2.28736
23,2026-07-27T13:24:20.996064+00:00,anticlockwise,14,2.38982
24,2026-07-27T13:24:21.099626+00:00,anticlockwise,14,2.493402
25,2026-07-27T13:24:21.204706+00:00,anticlockwise,14,2.598478
26,2026-07-27T13:24:21.304907+00:00,anticlockwise,14,2.698679
27,2026-07-27T13:24:21.405049+00:00,anticlockwise,14,2.798818
28,2026-07-27T13:24:21.508516+00:00,anticlockwise,14,2.902275
